"V1","V2","V3","V4","V5","V6","V7","V8","V9","V10"
"Row0",0.0379049021789452,0.0012984089252934,0,0,0,0,0,0,0,0
"Row1",0.0379049021789452,0.000937018890087139,0,0,0,0,0,0,0,0
"Row2",0.0379049021789452,0.000179637128203403,0,0,0,0,0,0,0,0
"Row3",0.0379049021789452,0.000226377540186597,0,0,0,0,0,0,0,0
"Row4",0.0379049021789452,0.000165564169148663,0,0,0,0,0,0,0,0
"Row5",0.0379049021789452,0.00015063232465231,0,0,0,0,0,0,0,0
"Row6",0.0379049021789452,0.000340451377794382,0,0,0,0,0,0,0,0
"Row7",0.0379049021789452,-7.13344482728511e-05,0,0,0,0,0,0,0,0
"Row8",0.0379049021789452,-0.00060103860585121,0,0,0,0,0,0,0,0
"Row9",0.0379049021789452,-0.000774719925157102,0,0,0,0,0,0,0,0
"Row10",0.0379049021789452,-0.000811016031647836,0,0,0,0,0,0,0,0
"Row11",0.0379049021789452,-0.00074452784643046,0,0,0,0,0,0,0,0
"Row12",0.0379049021789452,-0.000834586722812382,0,0,0,0,0,0,0,0
"Row13",0.0379049021789452,-0.0026583209515742,0,0,0,0,0,0,0,0
"Row14",0.0379049021789452,-0.00271567936055165,0,0,0,0,0,0,0,0
"Row15",0.0379049021789452,-0.00332428493009115,0,0,0,0,0,0,0,0
"Row16",0.0379049021789452,-0.00345018252795409,0,0,0,0,0,0,0,0
"Row17",0.0379049021789452,-0.00374849571987306,0,0,0,0,0,0,0,0
"Row18",0.0379049021789452,-0.00383182810971282,0,0,0,0,0,0,0,0
"Row19",0.0379049021789452,-0.00498613574497547,0,0,0,0,0,0,0,0
"Row20",0.0379049021789452,-0.00588793121288628,0,0,0,0,0,0,0,0
"Row21",0.0379049021789452,-0.00636493571689369,0,0,0,0,0,0,0,0
"Row22",0.0379049021789452,-0.0082559231251721,0,0,0,0,0,0,0,0
"Row23",0.0379049021789452,-0.00831995634399394,0,0,0,0,0,0,0,0
"Row24",0.0379049021789452,-0.00824256142043,0,0,0,0,0,0,0,0
"Row25",0.0379049021789452,-0.0084350801448893,0,0,0,0,0,0,0,0
"Row26",0.0379049021789452,-0.00891839345515767,0,0,0,0,0,0,0,0
"Row27",0.0379049021789452,-0.00971452922558201,0,0,0,0,0,0,0,0
"Row28",0.0379049021789452,-0.0101834792283498,0,0.00707744095073481,0,0,0,0,0,0
"Row29",0.0379049021789452,-0.0112873522427981,0,0.00730529303797194,0,0,0,0,0,0
"Row30",0.0379049021789452,-0.0113095067894917,0,0.00725741028489344,0,0,0,0,0,0
"Row31",0.0379049021789452,-0.0115672958249146,0,0.00717353184535701,0,0,0,0,0,0
"Row32",0.0379049021789452,-0.0130025979873259,0,0.00759968778871409,0,0,0,0,0,0
"Row33",0.0379049021789452,-0.0129858723346092,0,0.00776285256424823,0,0,0,0,0,0
"Row34",0.0379049021789452,-0.0142125867929965,0,0.00755842629826542,0,0,0,0,0,0
"Row35",0.0379049021789452,-0.0149623565053663,0,0.00828680696944233,0,0,0,0,0,0
"Row36",0.0379049021789452,-0.0158357090917829,0,0.00832083754752014,0,0,0,0,0,0
"Row37",0.0379049021789452,-0.0159313653143803,0,0.00823224558259056,0,0,0,0,0,0
"Row38",0.0379049021789452,-0.01621384069073,0,0.00786901877361672,0,0,0,0,0,0
"Row39",0.0379049021789452,-0.0162867956687471,0,0.00791961287864214,0,0,0,0,0,0
"Row40",0.0379049021789452,-0.0164525428975653,0,0.00797330627361102,0,0,0,0,0,0
"Row41",0.0379049021789452,-0.0166600753835561,0,0.00806479915840028,0,0,0,0,0,0
"Row42",0.0379049021789452,-0.0171140854117375,0,0.00887983463829512,0,0,0,0,0,0
"Row43",0.0379049021789452,-0.0170582734856188,0,0.00925434274886001,0,0,0,0,0,0
"Row44",0.0379049021789452,-0.0173024566691718,0,0.0093457413162517,0,0,0,0,0,0
"Row45",0.0379049021789452,-0.0175986670785072,0,0.00997167271180398,0,0,0,0,0,0
"Row46",0.0379049021789452,-0.0176090062917017,0,0.00979480025986567,0,0,0,0,0,0
"Row47",0.0379049021789452,-0.0178059853011955,0,0.0103919747772074,0,0,0,1.53307886090521e-06,0.16245284599002,0
"Row48",0.0379049021789452,-0.0184055570406221,0,0.0102851816237743,0,0,0,1.53854477142626e-06,0.165792804024938,0
"Row49",0.0379049021789452,-0.0184202396632982,0,0.00947415576069462,0,0,0,0,0,0
"Row50",0.0379049021789452,-0.01877781501648,0,0.00918362831434869,0,0,0,0,0,0
"Row51",0.0379049021789452,-0.0190599117687718,0,0.00891353383153209,0,0,0,0,0,0
"Row52",0.0379049021789452,-0.0199196184689688,0,0.00973508145054019,0,0,0,0,0,0
"Row53",0.0379049021789452,-0.0203967021391586,0,0.0100975424096628,0,0,0,1.62543830959342e-06,0.169707081464819,0
"Row54",0.0379049021789452,-0.0206742253722194,0,0.0101086738273983,0,0,0,1.65541207518953e-06,0.168767667765578,0
"Row55",0.0379049021789452,-0.0206592566704134,0,0.0099328484289608,0,0,0,0,0,0
"Row56",0.0379049021789452,-0.0208936375461246,0,0.0101604919786857,0,0,0,1.64025675608707e-06,0.168917108607789,0
"Row57",0.0379049021789452,-0.0215933476067683,0,0.0124939060495257,0,0,0,1.8420941870333e-06,0.169730582148593,0
"Row58",0.0379049021789452,-0.0217191096494586,0,0.0125785128472567,0,0,0,1.82075347651767e-06,0.170490700527222,0
"Row59",0.0379049021789452,-0.0217506699683071,0,0.0125584096130854,0,0,0,1.81229486972818e-06,0.170655326953566,0
"Row60",0.0379049021789452,-0.0217698230491219,0,0.0126182841147458,0,0,0,1.81599563539738e-06,0.170695477921575,0
"Row61",0.0379049021789452,-0.0217356177693339,0,0.012465150919569,0,0,0,1.81037572511086e-06,0.17085466719114,0
"Row62",0.0379049021789452,-0.0217361129636069,0,0.0124426085828866,0,0,0,1.81049994905568e-06,0.170908484572434,0
"Row63",0.0379049021789452,-0.0220559773751178,0,0.0124133845210192,0,0,0,1.80879486170907e-06,0.17089250038529,0
"Row64",0.0379049021789452,-0.022410173818853,0,0.0123347045708211,0,0,0,1.82111016930019e-06,0.171713646164647,0
"Row65",0.0379049021789452,-0.0223802652674174,0,0.0117955355359013,0,0,0,1.84498816657355e-06,0.170723201763951,0
"Row66",0.0379049021789452,-0.0226727331113482,0,0.0121686776960624,0,0,0,1.93713056363113e-06,0.168800140654508,0
"Row67",0.0379049021789452,-0.0229876043377469,0,0.0120555178755574,0,0,0,1.98262451463141e-06,0.165077971758488,0
"Row68",0.0379049021789452,-0.0229543014513269,0,0.0120645221957922,0,0,0,1.97436736425023e-06,0.165239601501265,0
"Row69",0.0379049021789452,-0.0230169286139751,0,0.0120917608209273,0,0,0,1.97382842088369e-06,0.166246354874557,0
"Row70",0.0379049021789452,-0.022847645449508,0,0.0119531508681313,0,0,0,1.97116463405432e-06,0.164918203028878,0
"Row71",0.0379049021789452,-0.0228201857614873,0,0.0122131897691994,0,0,0,1.99437871133828e-06,0.16389739009455,0
"Row72",0.0379049021789452,-0.0230542136318281,0,0.0115221973235967,0,0,0,2.04396690958553e-06,0.162193449141897,0
"Row73",0.0379049021789452,-0.0230542582682014,0,0.0115047073548884,0,0,0,2.02692221911638e-06,0.161888151442822,0
"Row74",0.0379049021789452,-0.0231509767368633,0,0.0115537914033406,0,0,0,2.15211308214009e-06,0.154230186162111,0
"Row75",0.0379049021789452,-0.0232872267975775,0,0.0117155440155759,0,0,0,2.17587928566833e-06,0.153094853313167,0
"Row76",0.0379049021789452,-0.0244738328179478,0,0.0112850278242456,0,0,0,2.33544641160729e-06,0.142249850253442,0
"Row77",0.0379049021789452,-0.0254860102496911,0,0.0103203560325511,0,0,0,2.47380565094995e-06,0.133660152139954,0
"Row78",0.0379049021789452,-0.0257881777084183,0,0.00990224336175778,0,0,0,0,0,0
"Row79",0.0379049021789452,-0.0263952176334248,0,0.00910707522187324,0,0,0,0,0,0
"Row80",0.0379049021789452,-0.0264121971898654,0,0.00889310120785441,0,0,0,0,0,0
"Row81",0.0379049021789452,-0.0271287182261089,0,0.00865780871218295,0,0,0,0,0,0
"Row82",0.0379049021789452,-0.0278772150915564,0,0.0102901548359888,0,0,0,2.74639071454876e-06,0.110635533317721,0
"Row83",0.0379049021789452,-0.0284938077583655,0,0.00890487991946873,0,0,0,0,0,0
"Row84",0.0379049021789452,-0.0293064482703471,0,0.00834854405245543,0,0,0,0,0,0
"Row85",0.0379049021789452,-0.0298678691239756,0,0.00758967038130318,0,0,0,0,0,0
"Row86",0.0379049021789452,-0.02979387715862,0,0.00763946340316404,0,0,0,0,0,0
"Row87",0.0379049021789452,-0.0298717022642098,0,0.00761664432564693,0,0,0,0,0,0
"Row88",0.0379049021789452,-0.0299176677032344,0,0.00770813392179081,0,0,0,0,0,0
"Row89",0.0379049021789452,-0.030004953066658,0,0.00723558573346732,0,0,0,0,0,0
"Row90",0.0379049021789452,-0.0301011279247486,0,0.00714678513600591,0,0,0,0,0,0
"Row91",0.0379049021789452,-0.0313654507177297,0,0.00754399332877018,0,0,0,0,0,0
"Row92",0.0379049021789452,-0.0317838722886792,0,0.00748044470713778,0,0,0,0,0,0
"Row93",0.0379049021789452,-0.0322284824927841,0,0.00725825497286896,0,0,0,0,0,0
"Row94",0.0379049021789452,-0.0324260683002561,0,0.00770154797231408,0,0,0,0,0,0
"Row95",0.0379049021789452,-0.0327870146281947,0,0.00797921249633932,0,0,0,0,0,0
"Row96",0.0379049021789452,-0.0328129026209569,0,0.00768510726231117,0,0,0,0,0,0
"Row97",0.0379049021789452,-0.0328588251087526,0,0.00767102333741967,0,0,0,0,0,0
"Row98",0.0379049021789452,-0.0337736470121524,0,0.00758776024421988,0,0,0,0,0,0
"Row99",0.0379049021789452,-0.0339128311023993,0,0.00803029573240822,0,0,0,0,0,0
"Row100",0.0379049021789452,-0.0340020060275012,0,0.00752043907409778,0,0,0,0,0,0
"Row101",0.0379049021789452,-0.0340262739270636,0,0.00752181386289629,0,0,0,0,0,0
"Row102",0.0379049021789452,-0.0338016101040607,0,0.00791595057635342,0,0,0,0,0,0
"Row103",0.0379049021789452,-0.0341147027957837,0,0.00804653310530374,0,0,0,0,0,0
"Row104",0.0379049021789452,-0.0341970084482194,0,0.0079921978668568,0,0,0,0,0,0
"Row105",0.0379049021789452,-0.0341430381784078,0,0.00787135513199344,0,0,0,0,0,0
"Row106",0.0379049021789452,-0.0347591523781807,0,0.00830065311098216,0,0,0,0,0,0
"Row107",0.0379049021789452,-0.0347834570721658,0,0.00798145642472817,0,0,0,0,0,0
"Row108",0.0379049021789452,-0.0347822381962398,0,0.00769696629424939,0,0,0,0,0,0
"Row109",0.0379049021789452,-0.0363343229543524,0,0.00597715121271399,0,0,0,0,0,0
"Row110",0.0379049021789452,-0.0362882635282608,0,0.00590759384145712,0,0,0,0,0,0
"Row111",0.0379049021789452,-0.0363519459990868,0,0.0058312868003185,0,0,0,0,0,0
"Row112",0.0379049021789452,-0.0362175978840537,0,0.00578292899587042,0,0,0,0,0,0
"Row113",0.0379049021789452,-0.0363358534989718,0,0.00538900821465927,0,0,0,0,0,0
"Row114",0.0379049021789452,-0.0368521718334002,0,0.00492206879739694,0,0,0,0,0,0
"Row115",0.0379049021789452,-0.0368063203642087,0,0.00420415289777533,0,0,0,0,0,0
"Row116",0.0379049021789452,0.00126328193404328,0,0,0,0,0,0,0,0
"Row117",0.0379049021789452,0.00160300021377414,0,0,0,0,0,0,0,0
"Row118",0.0379049021789452,0.00155112778653747,0,0,0,0,0,0,0,0
"Row119",0.0379049021789452,0.0015484237015357,0,0,0,0,0,0,0,0
"Row120",0.0379049021789452,0.00163821822106586,0,0,0,0,0,0,0,0
"Row121",0.0379049021789452,0.00260983207361752,0,0,0,0,0,0,0,0
"Row122",0.0379049021789452,0.00375487938943579,0,0,0,0,0,0,0,0
"Row123",0.0379049021789452,0.00423510649222821,0,0,0,0,0,0,0,0
"Row124",0.0379049021789452,0.00477017665312862,0,0,0,0,0,0,0,0
"Row125",0.0379049021789452,0.00491724730057097,0,0,0,0,0,0,0,0
"Row126",0.0379049021789452,0.0050993580229685,0,0,0,0,0,0,0,0
"Row127",0.0379049021789452,0.00519977885068043,0,0,0,0,0,0,0,0
"Row128",0.0379049021789452,0.00573915917790043,0,0,0,0,0,0,0,0
"Row129",0.0379049021789452,0.00629919268595948,0,0,0,0,0,0,0,0
"Row130",0.0379049021789452,0.00693857452205579,0,0,0,0,0,0,0,0
"Row131",0.0379049021789452,0.00721693281756073,0,0,0,0,0,0,0,0
"Row132",0.0379049021789452,0.00752709972253054,0,0,0,0,0,0,0,0
"Row133",0.0379049021789452,0.00754843645054795,0,0,0,0,0,0,0,0
"Row134",0.0379049021789452,0.00748559474096338,0,0,0,0,0,0,0,0
"Row135",0.0379049021789452,0.00775798583470412,0,0,0,0,0,0,0,0
"Row136",0.0379049021789452,0.00929884641208323,0,0,0,0,0,0,0,0
"Row137",0.0379049021789452,0.0108063676063417,-0.000892866602081356,0,0,0,0,0,0,0
"Row138",0.0379049021789452,0.0112285529778164,-0.000978713799628302,0,0,0,0,0,0,0
"Row139",0.0379049021789452,0.0112153979642005,-0.000705996918798238,0,0,0,0,0,0,0
"Row140",0.0379049021789452,0.0112116639224018,-0.000580516138955936,0,0,0,0,0,0,0
"Row141",0.0379049021789452,0.0115065057075879,-0.000294907221665545,0,0,0,0,0,0,0
"Row142",0.0379049021789452,0.0114971890081038,-0.000294709108207243,0,0,0,0,0,0,0
"Row143",0.0379049021789452,0.0122274791090299,-6.51294464088958e-06,0,0,0,0,0,0,0
"Row144",0.0379049021789452,0.0129707692609905,-0.000123493795255075,0,0,0,0,0,0,0
"Row145",0.0379049021789452,0.0134120976489008,9.63566267145372e-05,0,0,0,0,0,0,0
"Row146",0.0379049021789452,0.0137923358371536,9.28291650145586e-05,0,0,0,0,0,0,0
"Row147",0.0379049021789452,0.0141392496952744,5.89914198221373e-05,0,0,0,0,0,0,0
"Row148",0.0379049021789452,0.0139993880237541,0.000110888802471943,0,0,0,0,0,0,0
"Row149",0.0379049021789452,0.0141038471976595,0.000142512520394494,0,0,0,0,0,0,0
"Row150",0.0379049021789452,0.0147262231879061,0.000175890881835962,0,0,0,0,0,0,0
"Row151",0.0379049021789452,0.0149182445285465,0.000122577988008916,0,0,0,0,0,0,0
"Row152",0.0379049021789452,0.0150718089186723,6.21955035403135e-05,0,0,0,0,0,0,0
"Row153",0.0379049021789452,0.0153374333323507,2.8414475762931e-05,0,0,0,0,0,0,0
"Row154",0.0379049021789452,0.0158135959434466,0.000111182590493875,0,0,0,0,0,0,0
"Row155",0.0379049021789452,0.0158279812047726,7.47946311030612e-05,0,0,0,0,0,0,0
"Row156",0.0379049021789452,0.0161039250190912,7.4236927579213e-05,0,0,0,0,0,0,0
"Row157",0.0379049021789452,0.0160952920964494,0.00011658384380635,0,0,0,0,0,0,0
"Row158",0.0379049021789452,0.016370886061019,-5.90553907832305e-05,0,0,0,0,0,0,0
"Row159",0.0379049021789452,0.0167209393119576,3.26453298554197e-06,0,0,0,0,0,0,0
"Row160",0.0379049021789452,0.0170184373827304,9.80043492408607e-05,0,0,0,0,0,0,0
"Row161",0.0379049021789452,0.0168457602911232,0.000241377279641761,0,0,0,0,0,0,0
"Row162",0.0379049021789452,0.0172934317736058,0.000468416092315413,0,0,0,0,0,0,0
"Row163",0.0379049021789452,0.0179374717745901,0.000711048739012198,0,0,0,0,0,0,0
"Row164",0.0379049021789452,0.0182304424202936,0.000715253104296245,0,0,0,0,0,0,0
"Row165",0.0379049021789452,0.019256809486521,0.000700847386209025,0,0,0,0,0,0,0
"Row166",0.0379049021789452,0.0194798463761047,0.000410346835519687,0,0,0,0,0,0,0
"Row167",0.0379049021789452,0.0195211150193892,0.000460797785080782,0,0,0,0,0,0,0
"Row168",0.0379049021789452,0.0195561698110452,0.00040262839064392,0,0,0,0,0,0,0
"Row169",0.0379049021789452,0.0195151658614656,0.000481492405886937,0,0,0,0,0,0,0
"Row170",0.0379049021789452,0.0203545399977504,0.000675260905816711,0,0,0,0,0,0,0
"Row171",0.0379049021789452,0.0204920162117802,0.000595123270033554,0,0,0,0,0,0,0
"Row172",0.0379049021789452,0.0207527145430901,0.00036613035775716,0,0,0,0,0,0,0
"Row173",0.0379049021789452,0.0206368743001797,0.000144478314116205,0,0,0,0,0,0,0
"Row174",0.0379049021789452,0.0204771164841118,7.75008770423942e-05,0,0,0,0,0,0,0
"Row175",0.0379049021789452,0.0205636272193735,5.91505369298588e-05,0,0,0,0,0,0,0
"Row176",0.0379049021789452,0.0206245853493651,8.96724224284472e-05,0,0,0,0,0,0,0
"Row177",0.0379049021789452,0.0217402804589986,0.00013132821761373,0,0,0,0,0,0,0
"Row178",0.0379049021789452,0.0222972881168134,0.000193658555428122,0,0,0,0,0,0,0
"Row179",0.0379049021789452,0.0224672092030961,2.24450165605612e-05,0,0,0,0,0,0,0
"Row180",0.0379049021789452,0.0227553324311449,-5.0342698751663e-05,0,0,0,0,0,0,0
"Row181",0.0379049021789452,0.0234422058184007,3.49922559366509e-05,0,0,0,0,0,0,0
"Row182",0.0379049021789452,0.0238204599410823,2.4066578295942e-05,0,0,0,0,0,0,0
"Row183",0.0379049021789452,0.0240642725522685,-4.99179640220417e-05,0,0,0,0,0,0,0
"Row184",0.0379049021789452,0.0246650962461853,-8.84862677749671e-05,0,0,0,0,0,0,0
"Row185",0.0379049021789452,0.0252023059677915,-0.000185467055486042,0,0,0,0,0,0,0
"Row186",0.0379049021789452,0.0259552181600755,-0.000186471409499948,0,0,0,0,0,0,0
"Row187",0.0379049021789452,0.026865091540129,-0.000254121847444978,0,0,0,0,0,0,0
"Row188",0.0379049021789452,0.0272388980295367,-0.000255433081521522,0,0,0,0,0,0,0
"Row189",0.0379049021789452,0.0271772278833028,-0.000225238987601806,0,0,0,0,0,0,0
"Row190",0.0379049021789452,0.0272534295685024,-0.000230911241109129,0,0,0,0,0,0,0
"Row191",0.0379049021789452,0.0274334407738572,-0.000260551724948706,0,0,0,0,0,0,0
"Row192",0.0379049021789452,0.0275215574972958,-0.000271722791211986,0,0,0,0,0,0,0
"Row193",0.0379049021789452,0.0278322448388244,-0.000424203911875289,0,0,0,0,0,0,0
"Row194",0.0379049021789452,0.0279410282142182,-0.000328967956496046,0,0,0,0,0,0,0
"Row195",0.0379049021789452,0.0281304145828259,-0.000302896590181353,0,0,0,0,0,0,0
"Row196",0.0379049021789452,0.0282778821708597,-0.000354825588594202,0,0,0,0,0,0,0
"Row197",0.0379049021789452,0.0288182956188825,-9.56469093680653e-05,0,0,0,0,0,0,0
"Row198",0.0379049021789452,0.0288286007350934,-7.42595656207883e-05,0,0,0,0,0,0,0
"Row199",0.0379049021789452,0.0290224443753511,1.16263943196316e-06,0,0,0,0,0,0,0
"Row200",0.0379049021789452,0.0295494229853663,-0.000137995945206804,0,0,0,0,0,0,0
"Row201",0.0379049021789452,0.0303016990587821,-0.000114888214629727,0,0,0,0,0,0,0
"Row202",0.0379049021789452,0.0305069161173674,-0.000376191241837212,0,0,0,0,0,0,0
"Row203",0.0379049021789452,0.0307428150228359,-0.000396085043060663,0,0,0,0,0,0,0
"Row204",0.0379049021789452,0.0310045269502911,-0.00032494976381944,0,0,0,0,0,0,0
"Row205",0.0379049021789452,0.0309921543825455,-0.000370169400204773,0,0,0,0,0,0,0
"Row206",0.0379049021789452,0.0313713779997505,-0.000249089923020625,0,0,0,0,0,0,0
"Row207",0.0379049021789452,0.0316621900147047,-0.000186193263225709,0,0,0,0,0,0,0
"Row208",0.0379049021789452,0.0318800046794372,-0.000236734535089004,0,0,0,0,0,0,0
"Row209",0.0379049021789452,0.0318224475404306,-0.00024145170319776,0,0,0,0,0,0,0
"Row210",0.0379049021789452,0.0317033311974202,-0.000275794850931295,0,0,0,0,0,0,0
"Row211",0.0379049021789452,0.0318470897291163,-0.000304086736264219,0,0,0,0,0,0,0
"Row212",0.0379049021789452,0.0318627639399929,-0.000331842697526932,0,0,0,0,0,0,0
"Row213",0.0379049021789452,0.0319957206447559,-0.000352500182231598,0,0,0,0,0,0,0
"Row214",0.0379049021789452,0.0321141266086762,-0.000350280947608459,0,0,0,0,0,0,0
"Row215",0.0379049021789452,0.0322541235618853,-0.000268970637877185,0,0,0,0,0,0,0
"Row216",0.0379049021789452,0.0322661868709309,-0.000163022472710395,0,0,0,0,0,0,0
"Row217",0.0379049021789452,0.0323511569443374,-0.000202497861042535,0,0,0,0,0,0,0
"Row218",0.0379049021789452,0.0325882916567144,-0.000329350714620085,0,0,0,0,0,0,0
"Row219",0.0379049021789452,0.0332118621287066,-0.000243975427676802,0,0,0,0,0,0,0
"Row220",0.0379049021789452,0.0331941621957764,-0.000226512463439568,0,0,0,0,0,0,0
"Row221",0.0379049021789452,0.0346055037680673,-0.000600378502206449,0,0,0,0,0,0,0
"Row222",0.0379049021789452,0.0346003456295855,-0.000679058112807697,0,0,0,0,0,0,0
"Row223",0.0379049021789452,0.0360350233650373,-0.000715116599520306,0,0,0,0,0,0,0
"Row224",0.0379049021789452,0.0360935616387791,-0.00077133370374788,0,0,0,0,0,0,0
"Row225",0.0379049021789452,0.0362611849632022,-0.00124741746227024,0,0,0,0,0,0,0
"Row226",0.0379049021789452,0.036802145107083,-0.00123710951475908,0,0,0,0,0,0,0
"Row227",0.0379049021789452,0.0368049214525257,-0.00119343461358304,0,0,0,0,0,0,0
"Row228",0.0379049021789452,0.0364957039473309,-0.00125399881067618,0,0,0,0,0,0,0
"Row229",0.0379049021789452,0.0365158046695788,-0.00104348555578055,0,0,0,0,0,0,0
"Row230",0.0379049021789452,0.0370278203875775,-0.000530170049711047,0,0,0,0,0,0,0
"Row231",0.0379049021789452,0.0375703603907759,-0.000688724968735589,0,0,0,0,0,0,0
"Row232",0.0379049021789452,-0.0366699621514787,0,0.00492568007869187,0,0,0,0,0,0
"Row233",0.0379049021789452,-0.0367607890158699,0,0.00653644267260616,0,0,0,0,0,0
"Row234",0.0379049021789452,-0.0366684802836778,0,0.00875994996442674,0,0,0,0,0,0
"Row235",0.0379049021789452,-0.0366839066863646,0,0.00875399520743826,0,0,0,0,0,0
"Row236",0.0379049021789452,-0.0377182230024849,0,0.0116085632380412,0,0,0,8.61982702863894e-06,-0.0173285054334428,0
"Row237",0.0379049021789452,-0.0379116128709882,0,0.0118250015789506,0,0,0,8.67701499106676e-06,-0.018645805025552,0
"Row238",0.0379049021789452,-0.0379352318946384,0,0.0124883332689243,0,0,0,8.9021255089461e-06,-0.0207267189310496,0
"Row239",0.0379049021789452,-0.0379621781365064,0,0.0130823452485131,0,0,0,8.80234656085529e-06,-0.0224694728755912,0
"Row240",0.0379049021789452,-0.0383084832473617,0,0.0140014445296538,0,0,0,1.01780322634291e-05,-0.0238431301370481,0
"Row241",0.0379049021789452,-0.0387393320132431,0,0.018249416082248,0,0,0,1.19004423836304e-05,-0.0320898114883066,0
"Row242",0.0379049021789452,-0.038757660719615,0,0.019062560216471,0,0,0,1.18618447208424e-05,-0.0327114511918987,0
"Row243",0.0379049021789452,-0.0388843378825703,0,0.0234883187729109,0,0,0,1.3889500743339e-05,-0.0360436139769432,0
"Row244",0.0379049021789452,-0.0385204535908709,0,0.0261165590529192,0,0,0,1.39227404514325e-05,-0.0460402271143507,0
"Row245",0.0379049021789452,-0.0387576227562578,0,0.0294831671755973,0,0,0,1.66233623678459e-05,-0.0483805841390101,0
"Row246",0.0379049021789452,-0.0386363694293172,0,0.030836630278608,0,0,0,1.8627155737099e-05,-0.0523780580021457,0
"Row247",0.0379049021789452,-0.0385323996604603,0,0.0314768761082691,0,0,0,1.96843296016633e-05,-0.0533980125299727,0
"Row248",0.0379049021789452,-0.0385098748896782,0,0.0320456151324518,0,0,0,1.88577931976207e-05,-0.0531338447652998,0
"Row249",0.0379049021789452,-0.0382644024547611,0,0.0323363315394773,0,0,0,2.10818723940046e-05,-0.0560054699538741,0
"Row250",0.0379049021789452,-0.038621315672494,0,0.0334714627463105,0,0,0,2.34504774849106e-05,-0.0565167701583729,0
"Row251",0.0379049021789452,-0.0393264162552658,0,0.0347316862042744,0,0,0,2.78926884206322e-05,-0.0611893648228423,0
"Row252",0.0379049021789452,-0.0392643691209997,0,0.0345014051552507,0,0,0,2.84727032729465e-05,-0.0615481545015633,0
"Row253",0.0379049021789452,-0.0393074537102495,0,0.0350006412349356,0,0,0,2.69219497070302e-05,-0.0611368072813779,0
"Row254",0.0379049021789452,-0.0393608352942298,0,0.0361661833126202,0,0,0,2.85619749747863e-05,-0.0625770453722623,0
"Row255",0.0379049021789452,-0.0391069417229797,0,0.0364204171476338,0,0,0,2.80245728440426e-05,-0.0647380155671621,0
"Row256",0.0379049021789452,-0.0390664125614898,0,0.0362678129047251,0,0,0,2.85477962807954e-05,-0.0653408033231963,0
"Row257",0.0379049021789452,-0.0391423224621096,0,0.0363694356174672,0,0,0,2.95106462165892e-05,-0.0653106445301382,0
"Row258",0.0379049021789452,-0.039037252206901,0,0.0377090242381441,0,0,0,3.24971582388323e-05,-0.0683491216348374,0
"Row259",0.0379049021789452,-0.0390196960662834,0,0.0394850409140437,0,0,0,4.20283502208905e-05,-0.0700107066654437,0
"Row260",0.0379049021789452,-0.0390999938394425,0,0.0394368743171131,0,0,0,4.82693847719867e-05,-0.0717963663031934,0
"Row261",0.0379049021789452,-0.0394758359897893,0,0.041531080621646,0,0,0,6.24374678278113e-05,-0.0757392206056989,0
"Row262",0.0379049021789452,-0.0393324609378923,0,0.042540415626154,0,0,0,6.17005843408545e-05,-0.0756627730594627,0
"Row263",0.0379049021789452,-0.0396046699460657,0,0.0423811632536389,0,0,0,5.97507973271343e-05,-0.0744930239168202,0
"Row264",0.0379049021789452,-0.0398184958608595,0,0.0444550835129018,0,0,0,7.16489587825197e-05,-0.0761704060400753,0
"Row265",0.0379049021789452,-0.0398360699025474,0,0.0449503008595128,0,0,0,6.76239164652697e-05,-0.0756012207971975,0
"Row266",0.0379049021789452,-0.0400572467532743,0,0.0454555125050059,0,0,0,6.38972715348488e-05,-0.0753587733303001,0
"Row267",0.0379049021789452,-0.0400671236570517,0,0.0454534817540507,0,0,0,6.53551144074597e-05,-0.0751619759218652,0
"Row268",0.0379049021789452,-0.0403008508126874,0,0.0456147244354648,0,0,0,6.45182289193188e-05,-0.0746761659463311,0
"Row269",0.0379049021789452,-0.0402913790186685,0,0.0478504726936178,0,0,0,0.000126885921422027,-0.076402809186302,0
"Row270",0.0379049021789452,-0.0405516101134919,0,0.0483465722509553,0,0,0,0.000148083856893172,-0.0779405056164065,0
"Row271",0.0379049021789452,-0.0402377954862742,0,0.0482702515018973,0,0,0,0.000362627386668961,-0.0801810213533043,0
"Row272",0.0379049021789452,-0.040117417359802,0,0.0496411698510016,0,0,0,0.00041590963416132,-0.0793083201083554,0
"Row273",0.0379049021789452,-0.0403731871352264,0,0.0501825993813698,0,0,0,0.000559855293707519,-0.0792025649600979,0
"Row274",0.0379049021789452,-0.0402869400638596,0,0.0499846328774474,0,0,0,0.000567155765372475,-0.0791604825824275,0
"Row275",0.0379049021789452,-0.0407574732549348,0,0.0522282579786627,0,0,0,0.00141734473423419,-0.0771991849590811,0
"Row276",0.0379049021789452,-0.0410397604284113,0,0.0521999100786461,0,0,0,0.0015579271493324,-0.0755778632948856,0
"Row277",0.0379049021789452,-0.0415484943260257,0,0.0540039747400845,0,0,0,0.00303258861437281,-0.0763615070438035,0
"Row278",0.0379049021789452,-0.0421406598344118,0,0.0544173300218456,0,0,0,0.00693492192812908,-0.0723991637734333,0
"Row279",0.0379049021789452,-0.0431885384956657,0,0.0562589461470779,0,0,0,0.0157401644481421,-0.0708966593898064,0
"Row280",0.0379049021789452,-0.0433206072798529,0,0.05643494553901,0,0,0,0.0195535261322633,-0.0696035432611182,0
"Row281",0.0379049021789452,-0.043567032647581,0,0.0570860090843099,0,0,0,0.0228699071364303,-0.0675737306149869,0
"Row282",0.0379049021789452,-0.0435037884498275,0,0.0572365304215521,0,0,0,0.0231859051418443,-0.0674259581821456,0
"Row283",0.0379049021789452,-0.0435702499883857,0,0.057520647781251,0,0,0,0.0249739283685558,-0.066649752338509,0
"Row284",0.0379049021789452,-0.0436718002617763,0,0.0591850773046443,0,0,0,0.0280266984318546,-0.0606774986990296,0
"Row285",0.0379049021789452,-0.0438515352086514,0,0.0603565305753878,0,0,0,0.0297615034574459,-0.0595188640273434,0
"Row286",0.0379049021789452,-0.0438240726412571,0,0.0601935489850351,0,0,0,0.0299116830017622,-0.0595105099498247,0
"Row287",0.0379049021789452,-0.0438999672493363,0,0.060183259867504,0,0,0,0.0299401181988377,-0.0587475190803336,0
"Row288",0.0379049021789452,-0.0443663811934637,0,0.0621030612140811,0,0,0,0.0347100164884546,-0.0575634398576382,0
"Row289",0.0379049021789452,-0.0448983228718742,0,0.0630894996071374,0,0,0,0.0370014991061855,-0.0549509114626924,0
"Row290",0.0379049021789452,-0.0448558249507898,0,0.0631857691584777,0,0,0,0.0373777358562944,-0.0552875016119498,0
"Row291",0.0379049021789452,-0.0448218444809715,0,0.0633699063142926,0,0,0,0.0377533451584236,-0.0531379085857896,0
"Row292",0.0379049021789452,-0.0448880709194211,0,0.0633354472408185,0,0,0,0.0402974530000319,-0.0529064505014171,0
"Row293",0.0379049021789452,-0.0451977025769034,0,0.0638570074996652,0,0,0,0.0432760798322408,-0.0513583102729723,0
"Row294",0.0379049021789452,-0.0452207667614231,0,0.0638304977627842,0,0,0,0.0441178118463505,-0.0503560417198194,0
"Row295",0.0379049021789452,-0.045203819424968,0,0.065183326575304,0,0,0,0.047274863378606,-0.0492065016677078,0
"Row296",0.0379049021789452,-0.0454080265876267,0,0.0657666234422242,0,0,0,0.04934056140049,-0.049380737515154,0
"Row297",0.0379049021789452,-0.0456168457304962,0,0.0657992380966038,0,0,0,0.051181121887712,-0.0472241528185128,0
"Row298",0.0379049021789452,-0.0459318825023629,0,0.0669235232465583,0,0,0,0.0544288261013258,-0.0453351731576291,0
"Row299",0.0379049021789452,-0.0466719973137515,0,0.0681383955060673,0,0,0,0.0609143239167239,-0.037747911097585,0
"Row300",0.0379049021789452,-0.0467539728180733,0,0.0689854980911433,0,0,0,0.061206438899273,-0.0359376423197576,0
"Row301",0.0379049021789452,-0.0469280037303736,0,0.0683383451971878,0,0,0,0.0633520588034392,-0.0366079945357133,0
"Row302",0.0379049021789452,-0.0468872842515018,0,0.0684529828916895,0,0,0,0.0630451055646228,-0.035636905581289,0
"Row303",0.0379049021789452,-0.0469190516217106,0,0.0686895451348197,0,0,0,0.0673719929054004,-0.0347140819586303,0
"Row304",0.0379049021789452,-0.0469987465443886,0,0.0694451106572204,0,0,0,0.0679115754608142,-0.0352860387005862,0
"Row305",0.0379049021789452,-0.0470059970263039,0,0.0690013133831393,0,0,0,0.0694738555844011,-0.0343074485644606,0
"Row306",0.0379049021789452,-0.0470533155738664,0,0.0689774468349866,0,0,0,0.0700444325416827,-0.0337927034501481,0
"Row307",0.0379049021789452,-0.0471328920217826,0,0.0695718947595234,0,0,0,0.0732092955534289,-0.0346862595840253,0
"Row308",0.0379049021789452,-0.0468492144978879,0,0.0712700896265908,0,0,0,0.0751139275553176,-0.034126532914128,0
"Row309",0.0379049021789452,-0.0465235059184278,0,0.0721255905366881,0,0,0,0.0786168058981617,-0.0333570860705373,0
"Row310",0.0379049021789452,-0.0453611631516899,0,0.0749146403321519,0,0,0,0.0890806023211286,-0.0271869848353074,0
"Row311",0.0379049021789452,-0.0452482972678005,0,0.0761177972252992,0,0,0,0.0915587794709617,-0.0228984759969942,0
"Row312",0.0379049021789452,-0.0452126829824479,0,0.0759910750361528,0,0,0,0.0912583776900492,-0.0230270511761296,0
"Row313",0.0379049021789452,-0.0454096166754892,0,0.0765961945090792,0,0,0,0.0959946192180437,-0.0164726012417828,0
"Row314",0.0379049021789452,-0.0453918116457395,0,0.076612469159482,0,0,0,0.0961048605374668,-0.0163628737375411,0
"Row315",0.0379049021789452,-0.0461721269169683,0,0.0777922392753828,0,0,0,0.10561681821944,-0.00370586555876982,0
"Row316",0.0379049021789452,-0.04633369879856,0,0.0792241766949407,0,0,0,0.109358149330234,-0.00131852043064068,0
"Row317",0.0379049021789452,-0.046389461714713,0,0.0796874954474825,0,0,0,0.111410128367528,0.000584045176085179,0
"Row318",0.0379049021789452,-0.0465147511209622,0,0.079455214400891,0,0,0,0.111212479876682,0.00172642346644417,0
"Row319",0.0379049021789452,-0.0462306394676722,0,0.0799036631096367,0,0,0,0.112629062976745,0.00632941984416247,0
"Row320",0.0379049021789452,-0.0458195897309737,0,0.0795222688052053,0,0,0,0.115933581713299,0.00817192615226388,0
"Row321",0.0379049021789452,-0.0457960723164861,0,0.0792753224689482,0,0,0,0.116421376842142,0.00909662206102233,0
"Row322",0.0379049021789452,-0.045667686674772,0,0.0795188510488669,0,0,0,0.117830958583015,0.0104436632553092,0
"Row323",0.0379049021789452,-0.0458968080878294,0,0.0803774666498177,0,0,0,0.119652048755128,0.0126620132056988,0
"Row324",0.0379049021789452,-0.0458334788667416,0,0.0811357268463816,0,0,0,0.11912871695517,0.0169199802881018,0
"Row325",0.0379049021789452,-0.0457183481798787,0,0.0821701837364466,0,0,0,0.121833609720553,0.0189346421621465,0
"Row326",0.0379049021789452,-0.0456808166866648,0,0.0822182896375377,0,0,0,0.121986563474193,0.0188693274188018,0
"Row327",0.0379049021789452,-0.0453606455192961,0,0.0821041147746941,0,0,0,0.127719684136964,0.019243110530829,0
"Row328",0.0379049021789452,-0.0454774479833216,0,0.0824277190124617,0,0,0,0.127128618338626,0.0192416412890768,0
"Row329",0.0379049021789452,-0.045562290871627,0,0.0832300478258778,0,0,0,0.125709533104191,0.0183526740226633,0
"Row330",0.0379049021789452,-0.0454469362460073,0,0.0834117599055955,0,0,0,0.125692283607358,0.0182115588792583,0
"Row331",0.0379049021789452,-0.0456156724302538,0,0.085765465306259,0,0,0,0.128268075499049,0.0278138583696751,0
"Row332",0.0379049021789452,-0.0451549247722118,0,0.0867158172028286,0,0,0,0.131408449248661,0.0290822527527467,0
"Row333",0.0379049021789452,-0.0447135601691505,0,0.0858636569128889,0,0,0,0.133051009663065,0.0297792382334238,0
"Row334",0.0379049021789452,-0.0448486991559676,0,0.0857206955756127,0,0,0,0.134888423079735,0.0287366570660562,0
"Row335",0.0379049021789452,-0.0449255195064407,0,0.0855351373978732,0,0,0,0.135890813081497,0.0322900952743771,0
"Row336",0.0379049021789452,-0.0450595747915224,0,0.0858849806163622,0,0,0,0.138411915361792,0.036822811300631,0
"Row337",0.0379049021789452,-0.0450068168143152,0,0.0855724620601529,0,0,0,0.139074555880226,0.038220212236362,0
"Row338",0.0379049021789452,-0.0450146550392422,0,0.0857048659529428,0,0,0,0.139709032568857,0.0384948528214273,0
"Row339",0.0379049021789452,-0.0448967077352571,0,0.0852993959979465,0,0,0,0.140851999638274,0.0383338013120694,0
"Row340",0.0379049021789452,-0.0444719694456298,0,0.0855593133527438,0,0,0,0.143055533795375,0.0422440435910971,0
"Row341",0.0379049021789452,-0.0447220634954078,0,0.0863630164004169,0,0,0,0.142957090490362,0.0437417319490323,0
"Row342",0.0379049021789452,-0.044784232487224,0,0.0871068763807923,0,0,0,0.141225826539391,0.0428781405449152,0
"Row343",0.0379049021789452,-0.0446927057402001,0,0.0870379065275348,0,0,0,0.141551600816618,0.0416568069541688,0
"Row344",0.0379049021789452,-0.0446654471178444,0,0.0870116456799783,0,0,0,0.141500639625221,0.0414045715148682,0
"Row345",0.0379049021789452,-0.0435419955979496,0,0.0873030685793242,0,0,0,0.142899872702295,0.0427564892951717,0
"Row346",0.0379049021789452,-0.0438022899993109,0,0.0871565738060981,0,0,0,0.145870595442596,0.0437636525038469,0
"Row347",0.0379049021789452,-0.0438569888319241,0,0.0866943134537535,0,0,0,0.145509203653251,0.0414460985995831,0
"Row348",0.0379049021789452,-0.0375095701322232,0,0.0028221723752352,0,0,0,0,0,0
"Row349",0.0379049021789452,-0.0377003226282846,0,0.000755489993257431,0,0,0,0,0,0
"Row350",0.0379049021789452,-0.0383654899177504,0,-0.0029028016879412,0,0,0,0,0,0
"Row351",0.0379049021789452,-0.0383923736821877,0,-0.00460797549864861,0,0,0,0,0,0
"Row352",0.0379049021789452,-0.038537673464317,0,-0.0078095005246494,0,0,0,0,0,0
"Row353",0.0379049021789452,-0.0386660118041871,0,-0.00899275443985526,0,0,0,0,0,0
"Row354",0.0379049021789452,-0.0385979612700623,0,-0.0093606897364323,0,0,0,0,0,0
"Row355",0.0379049021789452,-0.0383297990743977,0,-0.00998722356974643,0,0,0,0,0,0
"Row356",0.0379049021789452,-0.038451335882339,0,-0.01064917715334,0,0,0,7.73119888693627e-06,0,0.0679208239197266
"Row357",0.0379049021789452,-0.0386801842002335,0,-0.0148463164502743,0,0,0,9.5141861488314e-06,0,0.0881058182597959
"Row358",0.0379049021789452,-0.0389247642773464,0,-0.0155808228143116,0,0,0,1.03764017194129e-05,0,0.0920227258153492
"Row359",0.0379049021789452,-0.0388557590608889,0,-0.0195463856288181,0,0,0,1.49128099163387e-05,0,0.104933298520066
"Row360",0.0379049021789452,-0.0390269120805561,0,-0.0213097826886766,0,0,0,1.86822242193297e-05,0,0.106483921016373
"Row361",0.0379049021789452,-0.0397171239582341,0,-0.0230670318086257,0,0,0,2.2849049587864e-05,0,0.111828150648371
"Row362",0.0379049021789452,-0.0405336916419868,0,-0.0276470824753289,0,0,0,4.14759426362323e-05,0,0.120488599701988
"Row363",0.0379049021789452,-0.0408298459619331,0,-0.0295924393174964,0,0,0,4.30934575313025e-05,0,0.126399643867668
"Row364",0.0379049021789452,-0.0410889211709321,0,-0.0294468175182893,0,0,0,4.35372194208727e-05,0,0.12515559739833
"Row365",0.0379049021789452,-0.0417964018357209,0,-0.0311313082283491,0,0,0,4.96103060309294e-05,0,0.13108754483224
"Row366",0.0379049021789452,-0.0417298415960195,0,-0.0330818346093526,0,0,0,5.44308342176511e-05,0,0.132968921768202
"Row367",0.0379049021789452,-0.0423500829415375,0,-0.0336402896378299,0,0,0,6.64503263082755e-05,0,0.136140997894982
"Row368",0.0379049021789452,-0.0432952849651372,0,-0.0353670191852208,0,0,0,9.17802222262864e-05,0,0.138578004196539
"Row369",0.0379049021789452,-0.043725231987667,0,-0.0362593169121858,0,0,0,0.000158595318461153,0,0.140257824497657
"Row370",0.0379049021789452,-0.0437764640569688,0,-0.0369007533222924,0,0,0,0.000198323872033283,0,0.141993858881736
"Row371",0.0379049021789452,-0.0440092228568221,0,-0.0385407686693369,0,0,0,0.000247641984204382,0,0.142707613572397
"Row372",0.0379049021789452,-0.043686541582958,0,-0.0402057052888566,0,0,0,0.00026602064912336,0,0.142138391316593
"Row373",0.0379049021789452,-0.0437125609252946,0,-0.0413441376794737,0,0,0,0.000373640478571744,0,0.145033349893293
"Row374",0.0379049021789452,-0.0436706708784946,0,-0.0414590540885872,0,0,0,0.000407129827484378,0,0.145877270012463
"Row375",0.0379049021789452,-0.0436420921906018,0,-0.0421875533946698,0,0,0,0.000390784585500677,0,0.146716034813862
"Row376",0.0379049021789452,-0.0435542922907286,0,-0.0426026239509323,0,0,0,0.000377532687857385,0,0.146531349046736
"Row377",0.0379049021789452,-0.0435233320932157,0,-0.0437271336759709,0,0,0,0.000438120866102936,0,0.14706932080729
"Row378",0.0379049021789452,-0.0439086986622517,0,-0.0457522681972175,0,0,0,0.00114619349295387,0,0.150888398168111
"Row379",0.0379049021789452,-0.0445136784316208,0,-0.0490524132925017,0,0,0,0.00540694770951368,0,0.147106816082652
"Row380",0.0379049021789452,-0.0444773316453094,0,-0.0503792844711997,0,0,0,0.00660617771088742,0,0.147948035908642
"Row381",0.0379049021789452,-0.0445247098811809,0,-0.050038207528062,0,0,0,0.00738353266916284,0,0.145991100579846
"Row382",0.0379049021789452,-0.0444536458382394,0,-0.0512534219636383,0,0,0,0.00971067308572581,0,0.144575107360378
"Row383",0.0379049021789452,-0.0442587768070677,0,-0.0524104709963237,0,0,0,0.0118061373600508,0,0.142755196511771
"Row384",0.0379049021789452,-0.044327975186397,0,-0.054897949893132,0,0,0,0.0175315517800441,0,0.135063775628616
"Row385",0.0379049021789452,-0.0445046666490089,0,-0.056260847194034,0,0,0,0.0195284750127051,0,0.133172201446915
"Row386",0.0379049021789452,-0.0442704001761416,0,-0.0563642989755498,0,0,0,0.0198491682204088,0,0.131723585002196
"Row387",0.0379049021789452,-0.0444733879491456,0,-0.0583363289614156,0,0,0,0.023786397938701,0,0.127683671619575
"Row388",0.0379049021789452,-0.0446673578410622,0,-0.0591129282055851,0,0,0,0.025657966010787,0,0.12605572453459
"Row389",0.0379049021789452,-0.0449493556701226,0,-0.0603704860988134,0,0,0,0.0266754092713706,0,0.121731031307048
"Row390",0.0379049021789452,-0.0453481195023154,0,-0.0637296143487775,0,0,0,0.0319452048845042,0,0.112282395512483
"Row391",0.0379049021789452,-0.0449640693402205,0,-0.0640051689578485,0,0,0,0.0314461587906228,0,0.109492523064842
"Row392",0.0379049021789452,-0.044618662905519,0,-0.0658570486574055,0,0,0,0.0346496257226667,0,0.103821195450386
"Row393",0.0379049021789452,-0.0447076416746862,0,-0.0673331716083181,0,0,0,0.0398349488356639,0,0.092347943818724
"Row394",0.0379049021789452,-0.0447474994114121,0,-0.0668632783151903,0,0,0,0.0400902573366317,0,0.0908237552402563
"Row395",0.0379049021789452,-0.0447775280858562,0,-0.0672396532863452,0,0,0,0.0396953717451363,0,0.089872718677405
"Row396",0.0379049021789452,-0.0450169395635859,0,-0.0672065881246652,0,0,0,0.0402983327046024,0,0.0881380211410864
"Row397",0.0379049021789452,-0.0453512642240321,0,-0.0676252021071438,0,0,0,0.0413784206807899,0,0.0837125818177336
"Row398",0.0379049021789452,-0.0453398144239765,0,-0.0679453391562855,0,0,0,0.0419297958598388,0,0.0818152923625045
"Row399",0.0379049021789452,-0.0454297157317913,0,-0.0689164404002015,0,0,0,0.0428985105511137,0,0.0805218818649298
"Row400",0.0379049021789452,-0.0453546230571858,0,-0.0692643375791871,0,0,0,0.0428208201074529,0,0.0804736793626979
"Row401",0.0379049021789452,-0.0454234184763049,0,-0.0691465657154454,0,0,0,0.0430354890287754,0,0.0802698167662034
"Row402",0.0379049021789452,-0.0456283950859125,0,-0.070113911650846,0,0,0,0.0448901439880659,0,0.0720863492259671
"Row403",0.0379049021789452,-0.0457362978953709,0,-0.0702219825738152,0,0,0,0.0456886581593652,0,0.0711312280022555
"Row404",0.0379049021789452,-0.0457994405543496,0,-0.0701354436490633,0,0,0,0.0459697221592467,0,0.0705538459838407
"Row405",0.0379049021789452,-0.0456208501506879,0,-0.0706210767813082,0,0,0,0.0456163087965408,0,0.0677354933905364
"Row406",0.0379049021789452,-0.0455514160224843,0,-0.0706304954971371,0,0,0,0.0455438772449247,0,0.0677201728197579
"Row407",0.0379049021789452,-0.0456561665447421,0,-0.0712658147497287,0,0,0,0.0453021762506658,0,0.0662566439754128
"Row408",0.0379049021789452,-0.0460773470800715,0,-0.0724344949801092,0,0,0,0.0488721851026432,0,0.0615820508419117
"Row409",0.0379049021789452,-0.0459779939845304,0,-0.0726360765520883,0,0,0,0.048959282182059,0,0.0587613176240614
"Row410",0.0379049021789452,-0.0462263505364828,0,-0.0730341606521182,0,0,0,0.0482013848687108,0,0.0558860762266329
"Row411",0.0379049021789452,-0.0461867344878539,0,-0.0742449923084518,0,0,0,0.0523574242001945,0,0.0485082085824117
"Row412",0.0379049021789452,-0.0463861213972648,0,-0.0753657389538251,0,0,0,0.0548161023045346,0,0.0413037534727383
"Row413",0.0379049021789452,-0.046666839101797,0,-0.0762414171534,0,0,0,0.0560733922102578,0,0.0312429093410242
"Row414",0.0379049021789452,-0.046752405658127,0,-0.0766499208358681,0,0,0,0.0579066563346519,0,0.0292387603040053
"Row415",0.0379049021789452,-0.0470816159660507,0,-0.0770629081705901,0,0,0,0.0585792756586011,0,0.0265116055600058
"Row416",0.0379049021789452,-0.0469660984505837,0,-0.0787150452964698,0,0,0,0.062726562463915,0,0.00959407937772225
"Row417",0.0379049021789452,-0.0469628910062435,0,-0.0788587891248267,0,0,0,0.0626822168055631,0,0.0095972269324828
"Row418",0.0379049021789452,-0.0470731278957006,0,-0.0792254271879698,0,0,0,0.0633675791368757,0,0.00840461448004957
"Row419",0.0379049021789452,-0.0469516083875984,0,-0.0805191100926649,0,0,0,0.0643906058444291,0,0.00285938205762064
"Row420",0.0379049021789452,-0.0469460982061005,0,-0.0806632806091529,0,0,0,0.0648058582131865,0,-0.00140540138633222
"Row421",0.0379049021789452,-0.0469360082742753,0,-0.0806372924237708,0,0,0,0.0653916821841226,0,-0.00247830862470347
"Row422",0.0379049021789452,-0.0469569236743987,0,-0.0802362798865206,0,0,0,0.065521519768674,0,-0.00825752359303951
"Row423",0.0379049021789452,-0.0467992143775231,0,-0.08073979172411,0,0,0,0.0661668405850792,0,-0.00874185562137298
"Row424",0.0379049021789452,-0.0469609088638331,0,-0.0812722574750758,0,0,0,0.0659977692916949,0,-0.0107455367741905
"Row425",0.0379049021789452,-0.047006548205375,0,-0.0819172888430374,0,0,0,0.0671935018594468,0,-0.0140291075180983
"Row426",0.0379049021789452,-0.0472847155511902,0,-0.0830914356425775,0,0,0,0.0697707739187193,0,-0.0202276958553476
"Row427",0.0379049021789452,-0.0471463460950675,0,-0.083132812716991,0,0,0,0.0699172971597665,0,-0.0267878854852349
"Row428",0.0379049021789452,-0.0464871107876987,0,-0.0838853870676779,0,0,0,0.0727140780177044,0,-0.0346170579946559
"Row429",0.0379049021789452,-0.046476875429207,0,-0.0838716970981852,0,0,0,0.0730964708672727,0,-0.0393753150399227
"Row430",0.0379049021789452,-0.0465050165053361,0,-0.0839830864118231,0,0,0,0.0730571112858034,0,-0.0404267536311696
"Row431",0.0379049021789452,-0.0462130324631501,0,-0.0840741501056012,0,0,0,0.0733547317413146,0,-0.0446160301016121
"Row432",0.0379049021789452,-0.046232587188285,0,-0.0842813306092325,0,0,0,0.0737204368853501,0,-0.0473386199544605
"Row433",0.0379049021789452,-0.0464325714063485,0,-0.0843240112071454,0,0,0,0.0734815715694936,0,-0.0477832410892936
"Row434",0.0379049021789452,-0.0464667330708699,0,-0.0848057078674841,0,0,0,0.0743710198338689,0,-0.0510601961288426
"Row435",0.0379049021789452,-0.0464868817424118,0,-0.0850880344495538,0,0,0,0.0742472678632682,0,-0.0528686820318263
"Row436",0.0379049021789452,-0.0466712360462469,0,-0.0846652639840006,0,0,0,0.0736920640537404,0,-0.0543299465578158
"Row437",0.0379049021789452,-0.046567429043745,0,-0.0852717304949964,0,0,0,0.0741726678546402,0,-0.0569274656367948
"Row438",0.0379049021789452,-0.0465899656957878,0,-0.0849528664865593,0,0,0,0.0754921349238195,0,-0.0604092995363395
"Row439",0.0379049021789452,-0.0463547735122699,0,-0.0848698846489327,0,0,0,0.0765851039937851,0,-0.0616789138730749
"Row440",0.0379049021789452,-0.046240514278634,0,-0.0852203895051546,0,0,0,0.0773676025824913,0,-0.0662944361184725
"Row441",0.0379049021789452,-0.0464108902285748,0,-0.0851393963116436,0,0,0,0.0777975313011119,0,-0.0676861764686872
"Row442",0.0379049021789452,-0.0463130455928702,0,-0.0852638379557639,0,0,0,0.0773516234499413,0,-0.0704939404502839
"Row443",0.0379049021789452,-0.0462985170702396,0,-0.0852128139855633,0,0,0,0.0768394232690574,0,-0.0695997196803164
"Row444",0.0379049021789452,-0.0461885881501213,0,-0.0847325342491747,0,0,0,0.0784200325868282,0,-0.0703907552746648
"Row445",0.0379049021789452,-0.0462589258586226,0,-0.0862706009279749,0,0,0,0.0775401904937936,0,-0.077307841054363
"Row446",0.0379049021789452,-0.0461372705540646,0,-0.0862651266366412,0,0,0,0.0791349320806047,0,-0.0787721829702808
"Row447",0.0379049021789452,-0.0460961718451131,0,-0.0862199942811562,0,0,0,0.0791085932340098,0,-0.0849339786678537
"Row448",0.0379049021789452,-0.04606270741918,0,-0.0860674370020121,0,0,0,0.0787711374211535,0,-0.084934978078125
"Row449",0.0379049021789452,-0.0459558939755611,0,-0.0862063373782941,0,0,0,0.0785184194388753,0,-0.0943688686696467
"Row450",0.0379049021789452,-0.0461394545663375,0,-0.0883234310806149,0,0,0,0.0793861748549304,0,-0.10577046284515
"Row451",0.0379049021789452,-0.0461087876307361,0,-0.0883768997119873,0,0,0,0.0793804053123909,0,-0.105904420334088
"Row452",0.0379049021789452,-0.0462677168783843,0,-0.0895538988204441,0,0,0,0.0790850004763862,0,-0.10895212828983
"Row453",0.0379049021789452,-0.0463039919490721,0,-0.0895802698917751,0,0,0,0.078931289766966,0,-0.108988595176836
"Row454",0.0379049021789452,-0.0461115304071621,0,-0.0896279766154159,0,0,0,0.0793476857888296,0,-0.109424558112618
"Row455",0.0379049021789452,-0.0460669330081448,0,-0.0900162790692197,0,0,0,0.0793552222784693,0,-0.111615736390841
"Row456",0.0379049021789452,-0.045949593714451,0,-0.0901783512708144,0,0,0,0.0795378270904081,0,-0.110529335007263
"Row457",0.0379049021789452,-0.0460400105707329,0,-0.0909743824572995,0,0,0,0.0793770330658241,0,-0.110865364720389
"Row458",0.0379049021789452,-0.0458374848333576,0,-0.0910879480310973,0,0,0,0.0791392347846516,0,-0.112361384817095
"Row459",0.0379049021789452,-0.0459665768834204,0,-0.0911395126498288,0,0,0,0.0782801195932951,0,-0.11267641603609
"Row460",0.0379049021789452,-0.0463027778355504,0,-0.0932958029127414,0,0,0,0.0810972153867676,0,-0.11040734152227
"Row461",0.0379049021789452,-0.0463482352287924,0,-0.0931684223678938,0,0,0,0.0814978667845301,0,-0.110099240756912
"Row462",0.0379049021789452,-0.0461478151202638,0,-0.0932437751685837,0,0,0,0.0814987705067566,0,-0.114599257542863
"Row463",0.0379049021789452,-0.0459801890205398,0,-0.0928684376775222,0,0,0,0.0820111506933669,0,-0.11482612936929
"Row464",0.0379049021789452,0.0380633244780687,-0.00123808819540542,0,0,0,0,0,0,0
"Row465",0.0379049021789452,0.0379843888795137,-0.00129468862337757,0,0,0,0,0,0,0
"Row466",0.0379049021789452,0.0379062172040357,-0.00122023453344672,0,0,0,0,0,0,0
"Row467",0.0379049021789452,0.0381777384425678,-0.00317697351709777,0,0,0,0,0,0,0
"Row468",0.0379049021789452,0.0383686173498536,-0.00559039525207847,0,0,0,0,0,0,0
"Row469",0.0379049021789452,0.0383891441397142,-0.00504137824156724,0,0,0,0,0,0,0
"Row470",0.0379049021789452,0.0382536946488229,-0.00679820192726562,0,0,0,0,0,0,0
"Row471",0.0379049021789452,0.0378847223719578,-0.00802086995458612,0,0,0,0,0,0,0
"Row472",0.0379049021789452,0.0389895977089894,-0.0112096416458324,0,1.06239497286634e-05,0,0.112869355262692,0,0,0
"Row473",0.0379049021789452,0.0392782652259758,-0.0116954318851002,0,1.12110500065255e-05,0,0.11387044407306,0,0,0
"Row474",0.0379049021789452,0.0392152735684431,-0.0117494310902231,0,1.12917929204588e-05,0,0.113956520596483,0,0,0
"Row475",0.0379049021789452,0.0392619970167781,-0.0119309246107992,0,1.13498867901155e-05,0,0.114852030379107,0,0,0
"Row476",0.0379049021789452,0.0396227774719574,-0.0137249462350783,0,1.13570861730014e-05,0,0.119762752749191,0,0,0
"Row477",0.0379049021789452,0.0396586384666388,-0.0156430959358518,0,1.10286262156859e-05,0,0.124223952353184,0,0,0
"Row478",0.0379049021789452,0.0403955068974994,-0.0174195904973661,0,1.16386788097237e-05,0,0.129691083730903,0,0,0
"Row479",0.0379049021789452,0.0405347142035785,-0.0179107934002355,0,1.22760461930407e-05,0,0.128424457535821,0,0,0
"Row480",0.0379049021789452,0.040627527037868,-0.0184167972811376,0,1.19809579234685e-05,0,0.131040075352512,0,0,0
"Row481",0.0379049021789452,0.0406238423471713,-0.018495726509102,0,1.20260244724273e-05,0,0.13163254867561,0,0,0
"Row482",0.0379049021789452,0.0405844565916849,-0.0186364135891158,0,1.20630990629406e-05,0,0.132576542978319,0,0,0
"Row483",0.0379049021789452,0.0407111184627848,-0.0190068667520622,0,1.21449244131914e-05,0,0.132183211877855,0,0,0
"Row484",0.0379049021789452,0.0409565386654962,-0.0196623393776683,0,1.26485189280257e-05,0,0.135009987951393,0,0,0
"Row485",0.0379049021789452,0.0410196770081785,-0.0195695324550352,0,1.3019222546593e-05,0,0.13388755092468,0,0,0
"Row486",0.0379049021789452,0.0411991843528306,-0.0219722175599758,0,1.48437697414744e-05,0,0.135968345943714,0,0,0
"Row487",0.0379049021789452,0.0413669851449987,-0.0267089980999143,0,2.36611137397031e-05,0,0.141230507852343,0,0,0
"Row488",0.0379049021789452,0.0417341703085292,-0.0301672210292775,0,2.97551981942464e-05,0,0.140879491821375,0,0,0
"Row489",0.0379049021789452,0.0421309945110393,-0.0323883135499369,0,3.68349224495503e-05,0,0.142776440411544,0,0,0
"Row490",0.0379049021789452,0.0420300432735461,-0.0321152861330695,0,3.7686851171313e-05,0,0.143044315231944,0,0,0
"Row491",0.0379049021789452,0.0418372666028874,-0.032213933702147,0,3.80440892161592e-05,0,0.142919889272027,0,0,0
"Row492",0.0379049021789452,0.0419732710746632,-0.0324366722496423,0,3.71579662455748e-05,0,0.142635306093584,0,0,0
"Row493",0.0379049021789452,0.0424537156495797,-0.0373920317608906,0,6.07996469834033e-05,0,0.147433158202651,0,0,0
"Row494",0.0379049021789452,0.0424715961401377,-0.038173058907266,0,6.32684423055096e-05,0,0.145675657967394,0,0,0
"Row495",0.0379049021789452,0.0424721222487437,-0.0386547505925288,0,8.31486733354363e-05,0,0.145055022574982,0,0,0
"Row496",0.0379049021789452,0.0424867303391565,-0.0385528050245926,0,8.62341389310346e-05,0,0.14492296284539,0,0,0
"Row497",0.0379049021789452,0.0424642886648567,-0.0387219008975164,0,8.61059127957773e-05,0,0.144702228775436,0,0,0
"Row498",0.0379049021789452,0.0425589639015013,-0.0403839321234561,0,0.000109170979092262,0,0.142199773631702,0,0,0
"Row499",0.0379049021789452,0.0425646536860723,-0.0411182014918247,0,0.00016078834901379,0,0.140135850437038,0,0,0
"Row500",0.0379049021789452,0.042732477829119,-0.0416705881232046,0,0.000163145314898498,0,0.142327356291815,0,0,0
"Row501",0.0379049021789452,0.0429315939134317,-0.0419636990984188,0,0.000178080539342143,0,0.141523196568592,0,0,0
"Row502",0.0379049021789452,0.0428262589899631,-0.0420021195160925,0,0.000179265010365236,0,0.140310618796958,0,0,0
"Row503",0.0379049021789452,0.0427540363529069,-0.0426409172150761,0,0.000191147454577062,0,0.138870156829855,0,0,0
"Row504",0.0379049021789452,0.0428237984701854,-0.0426572461707962,0,0.000189432774625068,0,0.139046917952377,0,0,0
"Row505",0.0379049021789452,0.0427734712412981,-0.0425047507795547,0,0.000224219608627987,0,0.138920519971605,0,0,0
"Row506",0.0379049021789452,0.0427529388204012,-0.0451274858675514,0,0.000529148286892644,0,0.133575472513582,0,0,0
"Row507",0.0379049021789452,0.042705212684675,-0.0451025387795085,0,0.000521977014548181,0,0.132877177386432,0,0,0
"Row508",0.0379049021789452,0.0426572780684395,-0.0449938920584424,0,0.000589436814381425,0,0.13183490887672,0,0,0
"Row509",0.0379049021789452,0.0431300427599728,-0.0458305890210335,0,0.000858939350679923,0,0.130737068098515,0,0,0
"Row510",0.0379049021789452,0.0429968498652021,-0.0502195818333535,0,0.00779922132834873,0,0.121171493810016,0,0,0
"Row511",0.0379049021789452,0.0429042386340472,-0.0516671062741235,0,0.0110152828761275,0,0.120083544937833,0,0,0
"Row512",0.0379049021789452,0.0428658804987086,-0.0517680074904186,0,0.0111565476878063,0,0.11880433647783,0,0,0
"Row513",0.0379049021789452,0.0433615287007447,-0.0552782868186968,0,0.0172242288849653,0,0.110231364629014,0,0,0
"Row514",0.0379049021789452,0.0432768667348893,-0.0574870189033517,0,0.0221086588179084,0,0.107640599447705,0,0,0
"Row515",0.0379049021789452,0.0434542710510159,-0.0575898442739442,0,0.0228217265917498,0,0.106749498671093,0,0,0
"Row516",0.0379049021789452,0.043457231566188,-0.0602822680874298,0,0.0280918281922224,0,0.0997073140450623,0,0,0
"Row517",0.0379049021789452,0.0429097671504655,-0.0612149334607373,0,0.031222518529344,0,0.0993591306682489,0,0,0
"Row518",0.0379049021789452,0.0434045157564128,-0.0625796257872824,0,0.0378801327849083,0,0.094065975672502,0,0,0
"Row519",0.0379049021789452,0.0434299003881784,-0.0625350749379523,0,0.0381944720635793,0,0.0944663294081428,0,0,0
"Row520",0.0379049021789452,0.0434210951109385,-0.0628673025493148,0,0.0382122941507151,0,0.0951420209267621,0,0,0
"Row521",0.0379049021789452,0.0433292263789699,-0.0628193356009756,0,0.0384456642566844,0,0.0950642825680166,0,0,0
"Row522",0.0379049021789452,0.042624436225872,-0.0648264770593759,0,0.0422645855967103,0,0.0874238547273074,0,0,0
"Row523",0.0379049021789452,0.042794947398906,-0.065996387124906,0,0.0422571243459608,0,0.0867272505430347,0,0,0
"Row524",0.0379049021789452,0.0430266262855962,-0.0670114333699665,0,0.0460737624361631,0,0.0780748171958534,0,0,0
"Row525",0.0379049021789452,0.0428237321830118,-0.0674152999399558,0,0.0468190467820105,0,0.0772903737533644,0,0,0
"Row526",0.0379049021789452,0.042927868647081,-0.0674066776859913,0,0.0469877513394655,0,0.0773279841080579,0,0,0
"Row527",0.0379049021789452,0.0430822707713649,-0.0721612812859397,0,0.05480694582634,0,0.0628339213374418,0,0,0
"Row528",0.0379049021789452,0.0432298314905982,-0.0720907553516527,0,0.057031136130551,0,0.0633036659926196,0,0,0
"Row529",0.0379049021789452,0.0438751362166662,-0.0758761325559005,0,0.0614247807625932,0,0.0528516272286554,0,0,0
"Row530",0.0379049021789452,0.0440235617300992,-0.0767710723846012,0,0.0630268892507837,0,0.0506645583859871,0,0,0
"Row531",0.0379049021789452,0.0440485744256425,-0.0767730547341238,0,0.0631561827223221,0,0.0507542613697818,0,0,0
"Row532",0.0379049021789452,0.0443645332422977,-0.0769085388125648,0,0.0644385814173525,0,0.0493448551304653,0,0,0
"Row533",0.0379049021789452,0.0443815757867897,-0.0772896481678142,0,0.0663662128079276,0,0.0468298794695605,0,0,0
"Row534",0.0379049021789452,0.0443995096710413,-0.0775778012456774,0,0.0662214324464964,0,0.0465408427983089,0,0,0
"Row535",0.0379049021789452,0.0448273809204567,-0.0804958432236563,0,0.0733502867960075,0,0.032137397764152,0,0,0
"Row536",0.0379049021789452,0.0448674160830154,-0.0808385304488018,0,0.0735320514505058,0,0.0274081112286818,0,0,0
"Row537",0.0379049021789452,0.0447750297292778,-0.0807920713187557,0,0.0748574052368882,0,0.0270323769958104,0,0,0
"Row538",0.0379049021789452,0.0451333612974308,-0.0811296146371729,0,0.075589486464412,0,0.0242503953004722,0,0,0
"Row539",0.0379049021789452,0.0458383613255264,-0.0810150723028533,0,0.0787722492180859,0,0.0197230907020412,0,0,0
"Row540",0.0379049021789452,0.045657557702808,-0.0811995688081988,0,0.0799449117396379,0,0.0196102930370987,0,0,0
"Row541",0.0379049021789452,0.0455164383320191,-0.0812793219489057,0,0.0795908667541638,0,0.0171520641464982,0,0,0
"Row542",0.0379049021789452,0.0457941038962868,-0.0831116598714442,0,0.0803650442215189,0,0.00910711182586321,0,0,0
"Row543",0.0379049021789452,0.0455544944928337,-0.0862770253405427,0,0.0876622904048731,0,-0.00803710967127154,0,0,0
"Row544",0.0379049021789452,0.0458027122443183,-0.0882971321166396,0,0.0925742159167242,0,-0.0168359333045422,0,0,0
"Row545",0.0379049021789452,0.0456399441735304,-0.0886422105198656,0,0.0940362610764039,0,-0.0187202559358524,0,0,0
"Row546",0.0379049021789452,0.0453477007748411,-0.0887280520561652,0,0.0955534790124468,0,-0.0222955749948239,0,0,0
"Row547",0.0379049021789452,0.0454686318108341,-0.0888335077660593,0,0.0961057492839318,0,-0.0239858919819876,0,0,0
"Row548",0.0379049021789452,0.045584982791721,-0.0887107848895205,0,0.0968001610643401,0,-0.0254822403236123,0,0,0
"Row549",0.0379049021789452,0.0455231256250932,-0.0878156173402671,0,0.099813103665476,0,-0.0308511848455236,0,0,0
"Row550",0.0379049021789452,0.0454627813204188,-0.0879088571170718,0,0.0997094398118193,0,-0.0307517385475858,0,0,0
"Row551",0.0379049021789452,0.0455894307801911,-0.0885667317368961,0,0.100243369031398,0,-0.0336815129590764,0,0,0
"Row552",0.0379049021789452,0.0457347383737642,-0.088045979354311,0,0.10194529790632,0,-0.0370850299912092,0,0,0
"Row553",0.0379049021789452,0.0456045962309571,-0.087977884329801,0,0.102631052856373,0,-0.039899901696752,0,0,0
"Row554",0.0379049021789452,0.0457609096028817,-0.0881365827354554,0,0.104326537098189,0,-0.0431090414832757,0,0,0
"Row555",0.0379049021789452,0.0457848584623695,-0.0883172077772953,0,0.104104891324152,0,-0.0441402500980286,0,0,0
"Row556",0.0379049021789452,0.0455518605906343,-0.0891682258272665,0,0.104041579254866,0,-0.0452530996195014,0,0,0
"Row557",0.0379049021789452,0.0456101276281986,-0.0887535195035112,0,0.10354009952424,0,-0.0474141927929407,0,0,0
"Row558",0.0379049021789452,0.0455746257772167,-0.0888191329307849,0,0.104091481424846,0,-0.0476144941684439,0,0,0
"Row559",0.0379049021789452,0.0454112619969051,-0.0885810856462032,0,0.103970138807565,0,-0.0475444499408157,0,0,0
"Row560",0.0379049021789452,0.0453354562454601,-0.0895251680755732,0,0.105260636327106,0,-0.048897774523755,0,0,0
"Row561",0.0379049021789452,0.0455799335207747,-0.0898150553239142,0,0.106846943892489,0,-0.0500864632572903,0,0,0
"Row562",0.0379049021789452,0.0456666176628707,-0.0893203822220451,0,0.106747586048338,0,-0.0512577716129151,0,0,0
"Row563",0.0379049021789452,0.0460138179393252,-0.0902150005990106,0,0.107693863382745,0,-0.0533343495421633,0,0,0
"Row564",0.0379049021789452,0.0457461113623624,-0.0907528523081182,0,0.108185123246843,0,-0.0560019860024916,0,0,0
"Row565",0.0379049021789452,0.0459832867411181,-0.0921899429117153,0,0.110113920142513,0,-0.0584594654838482,0,0,0
"Row566",0.0379049021789452,0.0459809339037055,-0.0922604298963216,0,0.110046032410482,0,-0.0582970860542283,0,0,0
"Row567",0.0379049021789452,0.0455204334229569,-0.0928549089758728,0,0.111580043630243,0,-0.0653006818030399,0,0,0
"Row568",0.0379049021789452,0.0453417622515577,-0.093040428178544,0,0.113051328488806,0,-0.0688588290471979,0,0,0
"Row569",0.0379049021789452,0.0454532369683535,-0.093333697544433,0,0.113992680329518,0,-0.0716283575889177,0,0,0
"Row570",0.0379049021789452,0.0454463964301993,-0.0933360899946405,0,0.114673154282261,0,-0.0725727526183173,0,0,0
"Row571",0.0379049021789452,0.0460022572272671,-0.0940434757798789,0,0.115582889690278,0,-0.0763401870917757,0,0,0
"Row572",0.0379049021789452,0.0460565893906872,-0.0940363938314775,0,0.115595070507874,0,-0.0749493132805969,0,0,0
"Row573",0.0379049021789452,0.0460647188234624,-0.09395426496795,0,0.115390732399333,0,-0.0768913175264107,0,0,0
"Row574",0.0379049021789452,0.0458851430470797,-0.0938116316439837,0,0.115768903109928,0,-0.0767618567352297,0,0,0
"Row575",0.0379049021789452,0.0458128843177665,-0.0937955045230133,0,0.115302041888517,0,-0.0772889486429748,0,0,0
"Row576",0.0379049021789452,0.0462074533751731,-0.0935115747350159,0,0.11369282786908,0,-0.074593941212584,0,0,0
"Row577",0.0379049021789452,0.0464063633408648,-0.0933844179231424,0,0.113884177786644,0,-0.0729342089775727,0,0,0
"Row578",0.0379049021789452,0.0466416000699626,-0.0934549843768157,0,0.114314256850119,0,-0.0730122643322989,0,0,0
"Row579",0.0379049021789452,0.0469138890052379,-0.0935219859628015,0,0.112213390784709,0,-0.0733224530746133,0,0,0
"Row580",0.0379049021789452,0.037603128501063,-0.000515598838405816,0,0,0,0,0,0,0
"Row581",0.0379049021789452,0.0378652531173839,-0.000365421475133396,0,0,0,0,0,0,0
"Row582",0.0379049021789452,0.0381960654040865,-0.000134053476650013,0,0,0,0,0,0,0
"Row583",0.0379049021789452,0.0381827636062304,0.0039281492389323,0,0,0,0,0,0,0
"Row584",0.0379049021789452,0.0379274729684077,0.0131351178672622,0,2.39752514395394e-05,0.0976913059177565,0,0,0,0
"Row585",0.0379049021789452,0.0379547326318189,0.0128946258467167,0,2.34124079552071e-05,0.100032830732107,0,0,0,0
"Row586",0.0379049021789452,0.0377918903595457,0.013607505441072,0,2.4096519207097e-05,0.101615474449499,0,0,0,0
"Row587",0.0379049021789452,0.0379681410626595,0.0138667882076666,0,2.43468120332005e-05,0.101391828715443,0,0,0,0
"Row588",0.0379049021789452,0.0378796373983188,0.0146711627864407,0,2.76936311643575e-05,0.103535594950288,0,0,0,0
"Row589",0.0379049021789452,0.0376789426285679,0.0159354928832005,0,2.87101460192994e-05,0.10928791258902,0,0,0,0
"Row590",0.0379049021789452,0.0377475774277097,0.0180947934445114,0,3.28589168853091e-05,0.116379440607376,0,0,0,0
"Row591",0.0379049021789452,0.0377921094149445,0.0187262302763535,0,3.46612567578069e-05,0.116108749150934,0,0,0,0
"Row592",0.0379049021789452,0.0380012853980926,0.0190367189564413,0,3.39319849228367e-05,0.117106407646566,0,0,0,0
"Row593",0.0379049021789452,0.0380690630730579,0.0192696000466824,0,3.58083866708274e-05,0.11683465540543,0,0,0,0
"Row594",0.0379049021789452,0.0392163903437276,0.0282599205825263,0,7.89194708335968e-05,0.135090122182187,0,0,0,0
"Row595",0.0379049021789452,0.0392369751360937,0.0281222213779718,0,8.23017235293257e-05,0.134864029532396,0,0,0,0
"Row596",0.0379049021789452,0.039244269158875,0.0283475176827348,0,8.25896484199699e-05,0.134782801330525,0,0,0,0
"Row597",0.0379049021789452,0.0396288558963416,0.0292566722474781,0,7.73801123131768e-05,0.137901124170373,0,0,0,0
"Row598",0.0379049021789452,0.0398177403069301,0.0302519700347228,0,8.59121040988886e-05,0.13754632614911,0,0,0,0
"Row599",0.0379049021789452,0.0395701947017347,0.0321798085963942,0,0.000103867694418881,0.144272307161137,0,0,0,0
"Row600",0.0379049021789452,0.0403436845939063,0.0326401724467792,0,0.000119747750041181,0.144158311614397,0,0,0,0
"Row601",0.0379049021789452,0.040262601910254,0.0322969424892428,0,0.000137372245587837,0.145587063582631,0,0,0,0
"Row602",0.0379049021789452,0.0402033353013523,0.0328061682641877,0,0.000151409282533141,0.144900794910349,0,0,0,0
"Row603",0.0379049021789452,0.040103700947992,0.0340194724112247,0,0.000177124214250961,0.146669779424258,0,0,0,0
"Row604",0.0379049021789452,0.0398574122726586,0.0345179819806772,0,0.000199153461134252,0.146354679825345,0,0,0,0
"Row605",0.0379049021789452,0.0395485606709822,0.0350581984905096,0,0.000230402679936746,0.146886601061755,0,0,0,0
"Row606",0.0379049021789452,0.0399885675396748,0.0372557478046083,0,0.000359257938967239,0.149781903871749,0,0,0,0
"Row607",0.0379049021789452,0.0405761400964384,0.0374675312093303,0,0.000382531291593019,0.150973312390016,0,0,0,0
"Row608",0.0379049021789452,0.0407105799880942,0.0401123340010802,0,0.000474294399252951,0.149230868493594,0,0,0,0
"Row609",0.0379049021789452,0.0408991272541994,0.041860243310679,0,0.000512636543583909,0.146533310051243,0,0,0,0
"Row610",0.0379049021789452,0.0407520063284959,0.0429609972876772,0,0.000579717409239949,0.144205427072469,0,0,0,0
"Row611",0.0379049021789452,0.0408689990001563,0.0426210458655263,0,0.000809837074431702,0.143914153908495,0,0,0,0
"Row612",0.0379049021789452,0.0410667668003207,0.0437095200256892,0,0.00102946281843368,0.14264857029447,0,0,0,0
"Row613",0.0379049021789452,0.0410936514949845,0.0449557707408571,0,0.00241699461587324,0.143856200271839,0,0,0,0
"Row614",0.0379049021789452,0.0412613920289327,0.0472328876988759,0,0.00486124548098525,0.141482934214976,0,0,0,0
"Row615",0.0379049021789452,0.0416418487476415,0.0490990521954299,0,0.0103099323622773,0.140230786339894,0,0,0,0
"Row616",0.0379049021789452,0.04153224599015,0.0493500351604062,0,0.0107960882249961,0.140335097643921,0,0,0,0
"Row617",0.0379049021789452,0.0415418959275363,0.0503190702577014,0,0.0140429816547636,0.13770897614544,0,0,0,0
"Row618",0.0379049021789452,0.0414963845210575,0.050303213747061,0,0.0147313388044854,0.137312318209341,0,0,0,0
"Row619",0.0379049021789452,0.0412814096511542,0.0505417542449588,0,0.0156153903589092,0.137437528282709,0,0,0,0
"Row620",0.0379049021789452,0.0415150163786345,0.0507851620313654,0,0.0170139577309801,0.1376268655125,0,0,0,0
"Row621",0.0379049021789452,0.0416402403496767,0.0515522208923931,0,0.0176690752422485,0.135850576970219,0,0,0,0
"Row622",0.0379049021789452,0.0417138756719674,0.0526701079038526,0,0.0178771235573166,0.13375383711186,0,0,0,0
"Row623",0.0379049021789452,0.0417879822516947,0.0527026444021312,0,0.0188708538701992,0.132573832235887,0,0,0,0
"Row624",0.0379049021789452,0.0413364939536089,0.053326903954984,0,0.0210283678576153,0.129454957728734,0,0,0,0
"Row625",0.0379049021789452,0.0413745664278885,0.054611303743837,0,0.0235490038269442,0.122972513014907,0,0,0,0
"Row626",0.0379049021789452,0.0414894576304675,0.0547249802650991,0,0.0266552701623716,0.121739205529064,0,0,0,0
"Row627",0.0379049021789452,0.0412071092853018,0.0562581073226487,0,0.0287380821536122,0.11554832327957,0,0,0,0
"Row628",0.0379049021789452,0.0410306544296992,0.0570469072251902,0,0.0292121348775507,0.114375439591617,0,0,0,0
"Row629",0.0379049021789452,0.0416589626653395,0.0577150029257038,0,0.0300025375013477,0.111009244685331,0,0,0,0
"Row630",0.0379049021789452,0.0423209261718725,0.0593359905640513,0,0.0356850127612993,0.0963615298482838,0,0,0,0
"Row631",0.0379049021789452,0.0427390523434278,0.0607093811266137,0,0.0391208628130854,0.0897946296586208,0,0,0,0
"Row632",0.0379049021789452,0.042560420635179,0.0630056375219822,0,0.0438710583547154,0.080273481438842,0,0,0,0
"Row633",0.0379049021789452,0.042925442339494,0.0627621545491826,0,0.0447809146952253,0.0763888702644352,0,0,0,0
"Row634",0.0379049021789452,0.0428961260016986,0.0624635199086176,0,0.046695239526734,0.0747840890848247,0,0,0,0
"Row635",0.0379049021789452,0.0431729579480261,0.0628628050082276,0,0.048920863063021,0.0738061342464052,0,0,0,0
"Row636",0.0379049021789452,0.0431528080431448,0.0639156564793205,0,0.0506182891276526,0.068084484089014,0,0,0,0
"Row637",0.0379049021789452,0.0429794323323786,0.0663691624844061,0,0.0532641264766833,0.0613894364011898,0,0,0,0
"Row638",0.0379049021789452,0.0429754999994713,0.0666753410789313,0,0.0568535546640376,0.0567167286263136,0,0,0,0
"Row639",0.0379049021789452,0.0440046779355207,0.0692148707941343,0,0.0643317280920333,0.0420934648323839,0,0,0,0
"Row640",0.0379049021789452,0.0440586396174239,0.069444742467111,0,0.0658243433748287,0.0329258541174175,0,0,0,0
"Row641",0.0379049021789452,0.0441464578256569,0.0704953990830396,0,0.0683859484705499,0.0285617660410374,0,0,0,0
"Row642",0.0379049021789452,0.043741134787343,0.0737730504678996,0,0.0743253794561805,0.0252855306039702,0,0,0,0
"Row643",0.0379049021789452,0.0437771572276121,0.0735839163635308,0,0.0751041275570946,0.0244382145595738,0,0,0,0
"Row644",0.0379049021789452,0.0438336404138099,0.0744579959891494,0,0.0791935790452543,0.0178398596805994,0,0,0,0
"Row645",0.0379049021789452,0.0439647051582899,0.0746121134597265,0,0.0795403815858053,0.0151230276397881,0,0,0,0
"Row646",0.0379049021789452,0.0438561616170263,0.0742285942691129,0,0.0791434360799401,0.014235761886698,0,0,0,0
"Row647",0.0379049021789452,0.043831592205287,0.0743975869282613,0,0.0793316200352584,0.0138296534146451,0,0,0,0
"Row648",0.0379049021789452,0.0440175513828488,0.0750629552249856,0,0.0792987442724181,0.0074555030816975,0,0,0,0
"Row649",0.0379049021789452,0.0440549056933754,0.0753055313970202,0,0.0798468876636945,0.00525806487459706,0,0,0,0
"Row650",0.0379049021789452,0.0440333315553103,0.0764651339401285,0,0.0796732265209852,0.00426228082542236,0,0,0,0
"Row651",0.0379049021789452,0.044287256352595,0.0774159533162996,0,0.0808110795093866,0.00291702636447461,0,0,0,0
"Row652",0.0379049021789452,0.044422935400601,0.0774135766862337,0,0.0810787711184063,0.00368990024331853,0,0,0,0
"Row653",0.0379049021789452,0.044425947298889,0.0774308038988127,0,0.0812440682875906,0.00350146463156736,0,0,0,0
"Row654",0.0379049021789452,0.0445561403780113,0.0777761176199304,0,0.0815294459464631,0.002658637562644,0,0,0,0
"Row655",0.0379049021789452,0.0446295047584334,0.0777106137740204,0,0.0818678200340273,0.00213648958232883,0,0,0,0
"Row656",0.0379049021789452,0.0446889508117645,0.0785202516962756,0,0.0829040414703242,-0.00247046002672985,0,0,0,0
"Row657",0.0379049021789452,0.0446255534962249,0.0783303912638991,0,0.0833190900420333,-0.00496593403984365,0,0,0,0
"Row658",0.0379049021789452,0.0446621452488797,0.0779603872085824,0,0.0835099799113296,-0.00505086312331432,0,0,0,0
"Row659",0.0379049021789452,0.0446286897828427,0.0780519002141466,0,0.0834024548521321,-0.00506440119618147,0,0,0,0
"Row660",0.0379049021789452,0.0450051558651645,0.0791085854645423,0,0.0849012013981636,-0.010516072238063,0,0,0,0
"Row661",0.0379049021789452,0.0449043225273811,0.0790132005763592,0,0.0851877316854083,-0.0119667266256756,0,0,0,0
"Row662",0.0379049021789452,0.0447015211462406,0.0790825987850496,0,0.0847989211369717,-0.0132013770800155,0,0,0,0
"Row663",0.0379049021789452,0.0449644213869479,0.0798440413222479,0,0.0854519862733423,-0.0157416960957027,0,0,0,0
"Row664",0.0379049021789452,0.0449468431646778,0.0798213909509964,0,0.0860149187871961,-0.0162129293785479,0,0,0,0
"Row665",0.0379049021789452,0.0451306228182222,0.079674525523642,0,0.0871369939103978,-0.0180635247282392,0,0,0,0
"Row666",0.0379049021789452,0.0450324752758562,0.0799397163567647,0,0.0876063773060329,-0.017661077883304,0,0,0,0
"Row667",0.0379049021789452,0.0449808946606331,0.0805164061080346,0,0.0882452495479808,-0.0187351651551606,0,0,0,0
"Row668",0.0379049021789452,0.0448207914965309,0.0810893957400851,0,0.0901867642892476,-0.0280779467865762,0,0,0,0
"Row669",0.0379049021789452,0.0449177624861299,0.081889033042166,0,0.0905006325104745,-0.0287068412067771,0,0,0,0
"Row670",0.0379049021789452,0.0450365067793367,0.0817549832591906,0,0.089797585118753,-0.0284346459143428,0,0,0,0
"Row671",0.0379049021789452,0.0450489142112813,0.0822503459623673,0,0.0898473748040694,-0.0292435858232326,0,0,0,0
"Row672",0.0379049021789452,0.0453281611639125,0.0827289930183912,0,0.0911262789341907,-0.0355595408071604,0,0,0,0
"Row673",0.0379049021789452,0.0454104445125797,0.0831854584249333,0,0.0920224623260004,-0.0392264253519487,0,0,0,0
"Row674",0.0379049021789452,0.0453389285228832,0.0852459590726216,0,0.0913520631341123,-0.0453725660388047,0,0,0,0
"Row675",0.0379049021789452,0.0452070384863551,0.0849460049908377,0,0.0933864212429715,-0.0478399222827993,0,0,0,0
"Row676",0.0379049021789452,0.0455443815450928,0.085644737467466,0,0.0972095699597097,-0.0540488721198175,0,0,0,0
"Row677",0.0379049021789452,0.0453964152409138,0.0854799687689987,0,0.0966099965881375,-0.0569488744319176,0,0,0,0
"Row678",0.0379049021789452,0.045320223181546,0.0861218214546194,0,0.0970333620206555,-0.0568884359408994,0,0,0,0
"Row679",0.0379049021789452,0.0453046651943421,0.0862444919939013,0,0.0989702552400677,-0.0630768083754808,0,0,0,0
"Row680",0.0379049021789452,0.045235076086083,0.0866523247155623,0,0.0991687016583186,-0.063129750803866,0,0,0,0
"Row681",0.0379049021789452,0.0466626171280216,0.0891978362118302,0,0.0988664011981623,-0.0706754085300783,0,0,0,0
"Row682",0.0379049021789452,0.0468369878784849,0.0891964605147641,0,0.0993280553148504,-0.0719900802746648,0,0,0,0
"Row683",0.0379049021789452,0.0470132542341786,0.0900211885700516,0,0.0993600892453139,-0.0759021374048877,0,0,0,0
"Row684",0.0379049021789452,0.0474355163215533,0.091755449330459,0,0.102165341517185,-0.0792240572425802,0,0,0,0
"Row685",0.0379049021789452,0.0476208086502573,0.0913124362842085,0,0.10179944757629,-0.0847005040088744,0,0,0,0
"Row686",0.0379049021789452,0.047475192184442,0.0914016180176881,0,0.1006506449827,-0.0861922386948629,0,0,0,0
"Row687",0.0379049021789452,0.0477280875030875,0.0916964487396616,0,0.101384305097683,-0.0874571777941098,0,0,0,0
"Row688",0.0379049021789452,0.0475398281507609,0.0916003999258177,0,0.101987780318977,-0.0864747616767067,0,0,0,0
"Row689",0.0379049021789452,0.0475391109021552,0.0916438314720363,0,0.101470606771897,-0.0870634314810605,0,0,0,0
"Row690",0.0379049021789452,0.0474710954372564,0.0914231508395521,0,0.101352125221947,-0.0869067679778827,0,0,0,0
"Row691",0.0379049021789452,0.0472259932073957,0.0919034076451713,0,0.102575224948575,-0.0880399615401316,0,0,0,0
"Row692",0.0379049021789452,0.0476728250668791,0.0916700956188053,0,0.102402967629187,-0.0898101184602175,0,0,0,0
"Row693",0.0379049021789452,0.0476978228763859,0.091290976349344,0,0.100985184864444,-0.0909807590232086,0,0,0,0
"Row694",0.0379049021789452,0.0478029895602934,0.0913683204883059,0,0.100802323027197,-0.0914208787062693,0,0,0,0
"Row695",0.0379049021789452,0.0477422400164529,0.0918071961203648,0,0.101268249645407,-0.0917403023725659,0,0,0,0
