"V1","V2"
"Row0",0.0258198889747161,-0.00262412193955566
"Row1",0.0258198889747161,-0.00173469269464411
"Row2",0.0258198889747161,-0.00211303465679418
"Row3",0.0258198889747161,-0.00953950662598452
"Row4",0.0258198889747161,-0.00745564979677919
"Row5",0.0258198889747161,0.00543071559938008
"Row6",0.0258198889747161,-0.000345607741961015
"Row7",0.0258198889747161,-0.00373723773942218
"Row8",0.0258198889747161,0.00692621193364281
"Row9",0.0258198889747161,-0.000969052933047287
"Row10",0.0258198889747161,-0.00138015029605287
"Row11",0.0258198889747161,-0.00293485837925941
"Row12",0.0258198889747161,-0.0116272837682445
"Row13",0.0258198889747161,-0.00447649690711262
"Row14",0.0258198889747161,-0.00491972469353568
"Row15",0.0258198889747161,0.00372249398986469
"Row16",0.0258198889747161,-0.00672781311050445
"Row17",0.0258198889747161,-0.00169684970887857
"Row18",0.0258198889747161,-0.00815992096419975
"Row19",0.0258198889747161,0.00787933685572516
"Row20",0.0258198889747161,0.000876826204322136
"Row21",0.0258198889747161,-0.0029972282290924
"Row22",0.0258198889747161,0.00234722976756219
"Row23",0.0258198889747161,0.00722640973682324
"Row24",0.0258198889747161,-0.00341403563588146
"Row25",0.0258198889747161,-0.00146888451365722
"Row26",0.0258198889747161,-0.00979195125057041
"Row27",0.0258198889747161,-0.00206084796766273
"Row28",0.0258198889747161,0.00635767417941821
"Row29",0.0258198889747161,-0.00344780088893813
"Row30",0.0258198889747161,0.000595417525774351
"Row31",0.0258198889747161,-0.00428275229261733
"Row32",0.0258198889747161,0.000211119044187156
"Row33",0.0258198889747161,-0.00112447726624229
"Row34",0.0258198889747161,-0.00196180130290157
"Row35",0.0258198889747161,0.00109549408040076
"Row36",0.0258198889747161,-0.00349706124269464
"Row37",0.0258198889747161,0.00166388185081179
"Row38",0.0258198889747161,0.000271771500438971
"Row39",0.0258198889747161,0.000481929997509225
"Row40",0.0258198889747161,-0.000962874118852297
"Row41",0.0258198889747161,0.00531855487890787
"Row42",0.0258198889747161,-0.00778068545134891
"Row43",0.0258198889747161,-0.000258367031367232
"Row44",0.0258198889747161,0.00629485782097168
"Row45",0.0258198889747161,-0.00299195347627759
"Row46",0.0258198889747161,-0.00880272575526737
"Row47",0.0258198889747161,-0.001346962528194
"Row48",0.0258198889747161,0.000654423389927667
"Row49",0.0258198889747161,0.00531726668789801
"Row50",0.0258198889747161,0.00138141607687068
"Row51",0.0258198889747161,0.00949588703326162
"Row52",0.0258198889747161,-0.000335233995473769
"Row53",0.0258198889747161,0.00559058213719261
"Row54",0.0258198889747161,0.00304005775844134
"Row55",0.0258198889747161,-0.0122123017694892
"Row56",0.0258198889747161,0.00441083082132433
"Row57",0.0258198889747161,0.00166548961568364
"Row58",0.0258198889747161,-0.00462791321144259
"Row59",0.0258198889747161,-0.000768301930077965
"Row60",0.0258198889747161,-0.00436476862438059
"Row61",0.0258198889747161,-0.00425156524399469
"Row62",0.0258198889747161,-0.0047004557519338
"Row63",0.0258198889747161,-0.00133366180335745
"Row64",0.0258198889747161,0.00126769517275674
"Row65",0.0258198889747161,-0.0027208190882748
"Row66",0.0258198889747161,0.00297138011171262
"Row67",0.0258198889747161,-0.00730095600749311
"Row68",0.0258198889747161,0.00533840974987637
"Row69",0.0258198889747161,0.000854230845489492
"Row70",0.0258198889747161,-0.00680202433755697
"Row71",0.0258198889747161,0.00772088430612782
"Row72",0.0258198889747161,-0.00133350074467691
"Row73",0.0258198889747161,0.00530954002399439
"Row74",0.0258198889747161,-0.00619246250081968
"Row75",0.0258198889747161,-0.00829973106230816
"Row76",0.0258198889747161,-0.0149200568843039
"Row77",0.0258198889747161,-0.00091543389470127
"Row78",0.0258198889747161,-0.00415384561653703
"Row79",0.0258198889747161,-0.00168515500072375
"Row80",0.0258198889747161,0.00265803596687809
"Row81",0.0258198889747161,-0.00355055849454716
"Row82",0.0258198889747161,-0.0108317102258899
"Row83",0.0258198889747161,0.0119694877046373
"Row84",0.0258198889747161,0.000247335701205656
"Row85",0.0258198889747161,0.00197019563059494
"Row86",0.0258198889747161,-0.00422524583714145
"Row87",0.0258198889747161,-0.00492024597755554
"Row88",0.0258198889747161,0.00374616004909489
"Row89",0.0258198889747161,-0.00519386027204361
"Row90",0.0258198889747161,-0.00441884877433221
"Row91",0.0258198889747161,-0.00215726475726671
"Row92",0.0258198889747161,-0.00556482534202687
"Row93",0.0258198889747161,0.00709443897953128
"Row94",0.0258198889747161,0.00185742003212811
"Row95",0.0258198889747161,-0.0012975886641603
"Row96",0.0258198889747161,-0.00409524994546016
"Row97",0.0258198889747161,-0.00493510835898801
"Row98",0.0258198889747161,0.0107440930471271
"Row99",0.0258198889747161,0.00118373947991319
"Row100",0.0258198889747161,0.0196180447837658
"Row101",0.0258198889747161,0.0173085413094278
"Row102",0.0258198889747161,0.0199105106046166
"Row103",0.0258198889747161,0.0178054370931814
"Row104",0.0258198889747161,0.018567392696381
"Row105",0.0258198889747161,0.0144663095562019
"Row106",0.0258198889747161,0.00881408894031115
"Row107",0.0258198889747161,0.0153768751558229
"Row108",0.0258198889747161,0.0190843208002025
"Row109",0.0258198889747161,0.020457705930859
"Row110",0.0258198889747161,0.0166464667969006
"Row111",0.0258198889747161,0.0204035016232302
"Row112",0.0258198889747161,0.01671266096134
"Row113",0.0258198889747161,0.01251920302442
"Row114",0.0258198889747161,0.0164244199649823
"Row115",0.0258198889747161,0.0234561267633262
"Row116",0.0258198889747161,0.0113658920904601
"Row117",0.0258198889747161,0.022198739639692
"Row118",0.0258198889747161,0.0215994880207495
"Row119",0.0258198889747161,0.0227474216494336
"Row120",0.0258198889747161,0.0200517827957595
"Row121",0.0258198889747161,0.0240134258327988
"Row122",0.0258198889747161,0.0233843018118981
"Row123",0.0258198889747161,0.0153149695339292
"Row124",0.0258198889747161,0.0138352703713578
"Row125",0.0258198889747161,0.0166467997470288
"Row126",0.0258198889747161,0.0128774970330395
"Row127",0.0258198889747161,0.013805696667256
"Row128",0.0258198889747161,0.0116104303211828
"Row129",0.0258198889747161,0.0194698820514841
"Row130",0.0258198889747161,0.0182444451543137
"Row131",0.0258198889747161,0.0247247810040226
"Row132",0.0258198889747161,0.0243673485882534
"Row133",0.0258198889747161,0.027135104411399
"Row134",0.0258198889747161,0.0231222187821871
"Row135",0.0258198889747161,0.0123708968642148
"Row136",0.0258198889747161,0.0251686233755767
"Row137",0.0258198889747161,0.0249942998243078
"Row138",0.0258198889747161,0.0218643857380713
"Row139",0.0258198889747161,0.0304889167149105
"Row140",0.0258198889747161,0.0123071607154504
"Row141",0.0258198889747161,0.0116474129801757
"Row142",0.0258198889747161,0.017662390368037
"Row143",0.0258198889747161,0.0144701079324094
"Row144",0.0258198889747161,0.0115376544775524
"Row145",0.0258198889747161,0.0179966104544942
"Row146",0.0258198889747161,0.0207006484001934
"Row147",0.0258198889747161,0.00239414944157895
"Row148",0.0258198889747161,0.0221141339159902
"Row149",0.0258198889747161,0.0254220764087356
"Row150",0.0258198889747161,0.00966417304167946
"Row151",0.0258198889747161,0.0088499637141208
"Row152",0.0258198889747161,0.0232696225660377
"Row153",0.0258198889747161,0.0166394353341745
"Row154",0.0258198889747161,0.0103873282042004
"Row155",0.0258198889747161,0.0205128917579205
"Row156",0.0258198889747161,0.0118560084196291
"Row157",0.0258198889747161,0.0128503892871387
"Row158",0.0258198889747161,0.0133127087338075
"Row159",0.0258198889747161,0.0203328883685767
"Row160",0.0258198889747161,0.0171908774242689
"Row161",0.0258198889747161,0.018753860859892
"Row162",0.0258198889747161,0.0224282273909993
"Row163",0.0258198889747161,0.0227686469279465
"Row164",0.0258198889747161,0.0184663269746535
"Row165",0.0258198889747161,0.0068622652145396
"Row166",0.0258198889747161,0.0106346816797187
"Row167",0.0258198889747161,0.0145232904471988
"Row168",0.0258198889747161,0.0174855161836836
"Row169",0.0258198889747161,0.0190433862976034
"Row170",0.0258198889747161,0.0218017781907256
"Row171",0.0258198889747161,0.016717676174734
"Row172",0.0258198889747161,0.0228438036826492
"Row173",0.0258198889747161,0.0224617731865086
"Row174",0.0258198889747161,0.0222250147306999
"Row175",0.0258198889747161,0.0222993363321104
"Row176",0.0258198889747161,0.0103706070485178
"Row177",0.0258198889747161,0.0162009268115721
"Row178",0.0258198889747161,0.0107432099957027
"Row179",0.0258198889747161,0.0109489953143317
"Row180",0.0258198889747161,0.0266070085602514
"Row181",0.0258198889747161,0.0178674482600258
"Row182",0.0258198889747161,0.0214804265644457
"Row183",0.0258198889747161,0.0103033591762604
"Row184",0.0258198889747161,0.00843733548398065
"Row185",0.0258198889747161,0.0236569524618255
"Row186",0.0258198889747161,0.026751050421957
"Row187",0.0258198889747161,0.0124462270890807
"Row188",0.0258198889747161,0.0189666420904963
"Row189",0.0258198889747161,0.0150255168638942
"Row190",0.0258198889747161,0.0159269199584582
"Row191",0.0258198889747161,0.0150863166624807
"Row192",0.0258198889747161,0.0169630646684152
"Row193",0.0258198889747161,0.011453927211403
"Row194",0.0258198889747161,0.00638589816771724
"Row195",0.0258198889747161,0.0123693669972401
"Row196",0.0258198889747161,0.0161252730197129
"Row197",0.0258198889747161,0.0179500056783156
"Row198",0.0258198889747161,0.0216134865574794
"Row199",0.0258198889747161,0.0141562794232249
"Row200",0.0258198889747161,-0.0228452450642782
"Row201",0.0258198889747161,-0.0209579502774854
"Row202",0.0258198889747161,-0.0157259138931458
"Row203",0.0258198889747161,-0.0164003689557917
"Row204",0.0258198889747161,-0.0137128401961311
"Row205",0.0258198889747161,-0.0108069361263678
"Row206",0.0258198889747161,-0.0186571082866214
"Row207",0.0258198889747161,-0.0167198476217393
"Row208",0.0258198889747161,-0.023466389293463
"Row209",0.0258198889747161,-0.00872211525122242
"Row210",0.0258198889747161,-0.00820427605127987
"Row211",0.0258198889747161,-0.0254766986243078
"Row212",0.0258198889747161,-0.0201996643771142
"Row213",0.0258198889747161,-0.0100216607866982
"Row214",0.0258198889747161,-0.0132165453834734
"Row215",0.0258198889747161,-0.0122228230224927
"Row216",0.0258198889747161,-0.017047351932492
"Row217",0.0258198889747161,-0.00874521088418547
"Row218",0.0258198889747161,-0.0209880285715845
"Row219",0.0258198889747161,-0.0298385418754938
"Row220",0.0258198889747161,-0.0120850623438506
"Row221",0.0258198889747161,-0.0192226827480635
"Row222",0.0258198889747161,-0.0264014314893725
"Row223",0.0258198889747161,-0.02088469038257
"Row224",0.0258198889747161,-0.0138230366428186
"Row225",0.0258198889747161,-0.0117845602685638
"Row226",0.0258198889747161,-0.00879780950823943
"Row227",0.0258198889747161,-0.0166251797595633
"Row228",0.0258198889747161,-0.0198224377173115
"Row229",0.0258198889747161,-0.0158292009255178
"Row230",0.0258198889747161,-0.0173314843464321
"Row231",0.0258198889747161,-0.0125469306506246
"Row232",0.0258198889747161,-0.00654294420812344
"Row233",0.0258198889747161,-0.0140306302193557
"Row234",0.0258198889747161,-0.0106686696340659
"Row235",0.0258198889747161,-0.0220544420618977
"Row236",0.0258198889747161,-0.0227848057435087
"Row237",0.0258198889747161,-0.0157047316440771
"Row238",0.0258198889747161,-0.0236127959126206
"Row239",0.0258198889747161,-0.0172090652371381
"Row240",0.0258198889747161,-0.0170790303503205
"Row241",0.0258198889747161,-0.0112786022134203
"Row242",0.0258198889747161,-0.0162014645232738
"Row243",0.0258198889747161,-0.0145493215786304
"Row244",0.0258198889747161,-0.0164152473958953
"Row245",0.0258198889747161,-0.0195643740623821
"Row246",0.0258198889747161,-0.0196138612423871
"Row247",0.0258198889747161,-0.0162682892157065
"Row248",0.0258198889747161,-0.022764229368284
"Row249",0.0258198889747161,-0.0256044157857089
"Row250",0.0258198889747161,-0.0231886496122163
"Row251",0.0258198889747161,-0.0199099096640784
"Row252",0.0258198889747161,-0.0138170950324658
"Row253",0.0258198889747161,-0.0229420568493503
"Row254",0.0258198889747161,-0.0186234900329494
"Row255",0.0258198889747161,-0.021883946322873
"Row256",0.0258198889747161,-0.0216486486649694
"Row257",0.0258198889747161,-0.00745854776610084
"Row258",0.0258198889747161,-0.0137032866074345
"Row259",0.0258198889747161,-0.01792176687248
"Row260",0.0258198889747161,-0.0217916975600357
"Row261",0.0258198889747161,-0.0151182166331896
"Row262",0.0258198889747161,-0.022639986044825
"Row263",0.0258198889747161,-0.0172306844141862
"Row264",0.0258198889747161,-0.0181539351015273
"Row265",0.0258198889747161,-0.0145402970588342
"Row266",0.0258198889747161,-0.00997161204379467
"Row267",0.0258198889747161,-0.0106479113453348
"Row268",0.0258198889747161,-0.0196012938353999
"Row269",0.0258198889747161,-0.0203916346918868
"Row270",0.0258198889747161,-0.012553052834911
"Row271",0.0258198889747161,-0.0174338716855478
"Row272",0.0258198889747161,-0.0259314890860018
"Row273",0.0258198889747161,-0.00984947939384315
"Row274",0.0258198889747161,-0.0152154559780372
"Row275",0.0258198889747161,-0.0246861479785926
"Row276",0.0258198889747161,-0.00617085707801339
"Row277",0.0258198889747161,-0.00729582761826834
"Row278",0.0258198889747161,-0.0150409576408677
"Row279",0.0258198889747161,-0.0264988107473391
"Row280",0.0258198889747161,-0.0230806969614006
"Row281",0.0258198889747161,-0.0179411776821345
"Row282",0.0258198889747161,-0.0202561984404966
"Row283",0.0258198889747161,-0.0214748240149039
"Row284",0.0258198889747161,-0.0182370640969362
"Row285",0.0258198889747161,-0.0226800756522948
"Row286",0.0258198889747161,-0.0231493316251902
"Row287",0.0258198889747161,-0.00840600313429888
"Row288",0.0258198889747161,-0.0247321857135457
"Row289",0.0258198889747161,-0.0143328082294059
"Row290",0.0258198889747161,-0.0203741447345482
"Row291",0.0258198889747161,-0.0156576255766045
"Row292",0.0258198889747161,-0.0216008809917367
"Row293",0.0258198889747161,-0.0151234113357109
"Row294",0.0258198889747161,-0.0113254654874387
"Row295",0.0258198889747161,-0.0160603546622597
"Row296",0.0258198889747161,-0.0266636319973176
"Row297",0.0258198889747161,-0.0206107627544427
"Row298",0.0258198889747161,-0.0287174860706237
"Row299",0.0258198889747161,-0.0207087031462772
"Row300",0.0258198889747161,0.0244711618152118
"Row301",0.0258198889747161,0.0150812841812296
"Row302",0.0258198889747161,0.0280752764290892
"Row303",0.0258198889747161,0.0296021015418483
"Row304",0.0258198889747161,0.0349870012225446
"Row305",0.0258198889747161,0.0325040059528553
"Row306",0.0258198889747161,0.0359270831713578
"Row307",0.0258198889747161,0.0296138791530032
"Row308",0.0258198889747161,0.0334817361425697
"Row309",0.0258198889747161,0.0207623881451871
"Row310",0.0258198889747161,0.0188991420847706
"Row311",0.0258198889747161,0.017690289488606
"Row312",0.0258198889747161,0.0243614387165937
"Row313",0.0258198889747161,0.0323577657424025
"Row314",0.0258198889747161,0.0235402952070203
"Row315",0.0258198889747161,0.0283613626107154
"Row316",0.0258198889747161,0.0245412935470692
"Row317",0.0258198889747161,0.0232715221129253
"Row318",0.0258198889747161,0.0240897602360025
"Row319",0.0258198889747161,0.0249272843550842
"Row320",0.0258198889747161,0.0253297159032727
"Row321",0.0258198889747161,0.0242280197186862
"Row322",0.0258198889747161,0.0154152913773807
"Row323",0.0258198889747161,0.0194026628463007
"Row324",0.0258198889747161,0.0216725060264114
"Row325",0.0258198889747161,0.0351523038518794
"Row326",0.0258198889747161,0.0256559290118776
"Row327",0.0258198889747161,0.0377669267683103
"Row328",0.0258198889747161,0.0365313336860727
"Row329",0.0258198889747161,0.0275404038935315
"Row330",0.0258198889747161,0.0292975647144389
"Row331",0.0258198889747161,0.0274321721195903
"Row332",0.0258198889747161,0.0202966966730114
"Row333",0.0258198889747161,0.0219251497610101
"Row334",0.0258198889747161,0.0295528844091827
"Row335",0.0258198889747161,0.027814283007859
"Row336",0.0258198889747161,0.0275530381934296
"Row337",0.0258198889747161,0.0289798093275613
"Row338",0.0258198889747161,0.0330543091923003
"Row339",0.0258198889747161,0.0250345801548569
"Row340",0.0258198889747161,0.0196793701005621
"Row341",0.0258198889747161,0.0263545559143596
"Row342",0.0258198889747161,0.0271933141932028
"Row343",0.0258198889747161,0.0193804562120103
"Row344",0.0258198889747161,0.0266264405252666
"Row345",0.0258198889747161,0.0220915275808948
"Row346",0.0258198889747161,0.0285220153728024
"Row347",0.0258198889747161,0.0172111260589469
"Row348",0.0258198889747161,0.0350856407974635
"Row349",0.0258198889747161,0.0186172607090889
"Row350",0.0258198889747161,0.038161063645908
"Row351",0.0258198889747161,0.0271889554304116
"Row352",0.0258198889747161,0.0273206885541318
"Row353",0.0258198889747161,0.03002486065931
"Row354",0.0258198889747161,0.035105343041799
"Row355",0.0258198889747161,0.0279639030420505
"Row356",0.0258198889747161,0.0347265236416154
"Row357",0.0258198889747161,0.0254748023747326
"Row358",0.0258198889747161,0.0195431839573533
"Row359",0.0258198889747161,0.0378698666162043
"Row360",0.0258198889747161,0.0289101987307557
"Row361",0.0258198889747161,0.0240711300324376
"Row362",0.0258198889747161,0.0313666716188399
"Row363",0.0258198889747161,0.0222154964719887
"Row364",0.0258198889747161,0.0237646681274969
"Row365",0.0258198889747161,0.0330924480200777
"Row366",0.0258198889747161,0.0155106145423196
"Row367",0.0258198889747161,0.0167336263119985
"Row368",0.0258198889747161,0.0176660932783566
"Row369",0.0258198889747161,0.0324245937936474
"Row370",0.0258198889747161,0.029270597576205
"Row371",0.0258198889747161,0.025806798919692
"Row372",0.0258198889747161,0.0331247333295235
"Row373",0.0258198889747161,0.0235565109453231
"Row374",0.0258198889747161,0.0285260701606465
"Row375",0.0258198889747161,0.032653405751078
"Row376",0.0258198889747161,0.0260191005860312
"Row377",0.0258198889747161,0.025684561978639
"Row378",0.0258198889747161,0.017252507212885
"Row379",0.0258198889747161,0.021511046042547
"Row380",0.0258198889747161,0.0327421615001026
"Row381",0.0258198889747161,0.0316646729957361
"Row382",0.0258198889747161,0.0365725027388324
"Row383",0.0258198889747161,0.0257676816706075
"Row384",0.0258198889747161,0.0270957553124099
"Row385",0.0258198889747161,0.0313353840750197
"Row386",0.0258198889747161,0.0260268302657522
"Row387",0.0258198889747161,0.0237491802972395
"Row388",0.0258198889747161,0.0363837666221786
"Row389",0.0258198889747161,0.0212228491685781
"Row390",0.0258198889747161,0.0270951831558608
"Row391",0.0258198889747161,0.0284506036583509
"Row392",0.0258198889747161,0.0205703793200446
"Row393",0.0258198889747161,0.0267426312825307
"Row394",0.0258198889747161,0.0245749577755429
"Row395",0.0258198889747161,0.0170905971231593
"Row396",0.0258198889747161,0.0275211468697076
"Row397",0.0258198889747161,0.0273519130710099
"Row398",0.0258198889747161,0.0301419962967593
"Row399",0.0258198889747161,0.0284546941562736
"Row400",0.0258198889747161,0.015829849383149
"Row401",0.0258198889747161,0.0359278847637526
"Row402",0.0258198889747161,0.0243328151124379
"Row403",0.0258198889747161,0.0276994852251342
"Row404",0.0258198889747161,0.019298613167684
"Row405",0.0258198889747161,0.0274151886771885
"Row406",0.0258198889747161,0.0330455353628786
"Row407",0.0258198889747161,0.0227001162667953
"Row408",0.0258198889747161,0.027884707836561
"Row409",0.0258198889747161,0.0218978273468236
"Row410",0.0258198889747161,0.0303113295199932
"Row411",0.0258198889747161,0.0278948883739394
"Row412",0.0258198889747161,0.027121999599869
"Row413",0.0258198889747161,0.0245036847939902
"Row414",0.0258198889747161,0.0270798345866888
"Row415",0.0258198889747161,0.0244862783917113
"Row416",0.0258198889747161,0.0424110393297644
"Row417",0.0258198889747161,0.0367256532834045
"Row418",0.0258198889747161,0.0224743224794756
"Row419",0.0258198889747161,0.0149124424531022
"Row420",0.0258198889747161,0.0273404129298894
"Row421",0.0258198889747161,0.0215022341647322
"Row422",0.0258198889747161,0.0263220125885883
"Row423",0.0258198889747161,0.0272962888739959
"Row424",0.0258198889747161,0.0220148370526907
"Row425",0.0258198889747161,0.0290630037865565
"Row426",0.0258198889747161,0.0205318097798109
"Row427",0.0258198889747161,0.0230779485775074
"Row428",0.0258198889747161,0.035319302781912
"Row429",0.0258198889747161,0.0287442187666701
"Row430",0.0258198889747161,0.014765318673038
"Row431",0.0258198889747161,0.0202072708593896
"Row432",0.0258198889747161,0.0329173729820315
"Row433",0.0258198889747161,0.0287530395340429
"Row434",0.0258198889747161,0.0240829374024905
"Row435",0.0258198889747161,0.0337842393291505
"Row436",0.0258198889747161,0.0454894988458785
"Row437",0.0258198889747161,0.0244651410165695
"Row438",0.0258198889747161,0.0308151296758427
"Row439",0.0258198889747161,0.0208332209630115
"Row440",0.0258198889747161,0.029135848514176
"Row441",0.0258198889747161,0.0128236416627513
"Row442",0.0258198889747161,0.0260543305085892
"Row443",0.0258198889747161,0.0139263383656707
"Row444",0.0258198889747161,0.016546758415387
"Row445",0.0258198889747161,0.0155376495079018
"Row446",0.0258198889747161,0.022793831364678
"Row447",0.0258198889747161,0.0228842871633
"Row448",0.0258198889747161,0.0237573479079194
"Row449",0.0258198889747161,0.0244737812551822
"Row450",0.0258198889747161,0.0336619556997578
"Row451",0.0258198889747161,0.0262855606460334
"Row452",0.0258198889747161,0.0330006518113532
"Row453",0.0258198889747161,0.0313703337143476
"Row454",0.0258198889747161,0.026985236073487
"Row455",0.0258198889747161,0.0238419790760634
"Row456",0.0258198889747161,0.0239109589623025
"Row457",0.0258198889747161,0.0258393937803959
"Row458",0.0258198889747161,0.01156166039422
"Row459",0.0258198889747161,0.0235398619442387
"Row460",0.0258198889747161,0.0227740634513952
"Row461",0.0258198889747161,0.0242465209215477
"Row462",0.0258198889747161,0.0266865758878909
"Row463",0.0258198889747161,0.0285485872538664
"Row464",0.0258198889747161,0.0231053793914067
"Row465",0.0258198889747161,0.0290543523759913
"Row466",0.0258198889747161,0.0124745521932328
"Row467",0.0258198889747161,0.0277048641860836
"Row468",0.0258198889747161,0.0268144638060719
"Row469",0.0258198889747161,0.0255104989401938
"Row470",0.0258198889747161,0.0229721080861776
"Row471",0.0258198889747161,0.0184454282561358
"Row472",0.0258198889747161,0.0342052990435943
"Row473",0.0258198889747161,0.0226291893463762
"Row474",0.0258198889747161,0.0263599567332119
"Row475",0.0258198889747161,0.0364431468414286
"Row476",0.0258198889747161,0.0213564428442976
"Row477",0.0258198889747161,0.0262065715012185
"Row478",0.0258198889747161,0.0110402727342294
"Row479",0.0258198889747161,0.028478431620808
"Row480",0.0258198889747161,0.0354277981243959
"Row481",0.0258198889747161,0.0224668761585309
"Row482",0.0258198889747161,0.0204753614700782
"Row483",0.0258198889747161,0.0224995500978521
"Row484",0.0258198889747161,0.032166202643944
"Row485",0.0258198889747161,0.0288807878914189
"Row486",0.0258198889747161,0.0308247399299754
"Row487",0.0258198889747161,0.0223238364434549
"Row488",0.0258198889747161,0.0326587568909659
"Row489",0.0258198889747161,0.0214321806653828
"Row490",0.0258198889747161,0.0147730008636839
"Row491",0.0258198889747161,0.0134863664695553
"Row492",0.0258198889747161,0.0190123951935907
"Row493",0.0258198889747161,0.0273829137445771
"Row494",0.0258198889747161,0.0113870815392905
"Row495",0.0258198889747161,0.0274185812483927
"Row496",0.0258198889747161,0.0321792225438269
"Row497",0.0258198889747161,0.0281780239737403
"Row498",0.0258198889747161,0.0338490018459312
"Row499",0.0258198889747161,0.0270498829999709
"Row500",0.0258198889747161,-0.0170213910399673
"Row501",0.0258198889747161,-0.0305025571677194
"Row502",0.0258198889747161,-0.025344590008791
"Row503",0.0258198889747161,-0.0172393533192209
"Row504",0.0258198889747161,-0.0315611799157536
"Row505",0.0258198889747161,-0.0272381765789173
"Row506",0.0258198889747161,-0.0300584955596639
"Row507",0.0258198889747161,-0.0203196246796856
"Row508",0.0258198889747161,-0.0330317253198889
"Row509",0.0258198889747161,-0.0309259290908937
"Row510",0.0258198889747161,-0.0320830800808768
"Row511",0.0258198889747161,-0.0124991557506178
"Row512",0.0258198889747161,-0.0276734681507184
"Row513",0.0258198889747161,-0.0261803680169742
"Row514",0.0258198889747161,-0.0268641385447841
"Row515",0.0258198889747161,-0.0275468922306879
"Row516",0.0258198889747161,-0.0293038166025129
"Row517",0.0258198889747161,-0.0256911959838535
"Row518",0.0258198889747161,-0.0287047397385884
"Row519",0.0258198889747161,-0.0214383389702333
"Row520",0.0258198889747161,-0.0303788600932809
"Row521",0.0258198889747161,-0.0197113314966483
"Row522",0.0258198889747161,-0.030038524870362
"Row523",0.0258198889747161,-0.021968772983807
"Row524",0.0258198889747161,-0.0181601347790161
"Row525",0.0258198889747161,-0.0194848884676145
"Row526",0.0258198889747161,-0.0258878879897473
"Row527",0.0258198889747161,-0.0289207582106378
"Row528",0.0258198889747161,-0.0262323740525531
"Row529",0.0258198889747161,-0.028788479983222
"Row530",0.0258198889747161,-0.0287326632102324
"Row531",0.0258198889747161,-0.014568848465748
"Row532",0.0258198889747161,-0.0302463413474494
"Row533",0.0258198889747161,-0.0265735736214025
"Row534",0.0258198889747161,-0.0237963442386369
"Row535",0.0258198889747161,-0.0332006477039126
"Row536",0.0258198889747161,-0.0306365668948554
"Row537",0.0258198889747161,-0.034321486738262
"Row538",0.0258198889747161,-0.0205805992199653
"Row539",0.0258198889747161,-0.0278730772213406
"Row540",0.0258198889747161,-0.0216228059146997
"Row541",0.0258198889747161,-0.0214979994319145
"Row542",0.0258198889747161,-0.0343595987024886
"Row543",0.0258198889747161,-0.0113804842081981
"Row544",0.0258198889747161,-0.0252042694942958
"Row545",0.0258198889747161,-0.0224957871416889
"Row546",0.0258198889747161,-0.0320618382482655
"Row547",0.0258198889747161,-0.0365861457318391
"Row548",0.0258198889747161,-0.0256633026607473
"Row549",0.0258198889747161,-0.0211698766225509
"Row550",0.0258198889747161,-0.0253416632147025
"Row551",0.0258198889747161,-0.0248085911287072
"Row552",0.0258198889747161,-0.0356455731448501
"Row553",0.0258198889747161,-0.0192592553488696
"Row554",0.0258198889747161,-0.0279770778846625
"Row555",0.0258198889747161,-0.027371623525559
"Row556",0.0258198889747161,-0.0320206426930246
"Row557",0.0258198889747161,-0.0210147022067882
"Row558",0.0258198889747161,-0.033377732085471
"Row559",0.0258198889747161,-0.025977598512739
"Row560",0.0258198889747161,-0.0330652390949369
"Row561",0.0258198889747161,-0.0251920752531199
"Row562",0.0258198889747161,-0.0239737877532089
"Row563",0.0258198889747161,-0.0280434036385825
"Row564",0.0258198889747161,-0.0278504312466838
"Row565",0.0258198889747161,-0.0232921491562933
"Row566",0.0258198889747161,-0.0164646775529849
"Row567",0.0258198889747161,-0.0314156531076887
"Row568",0.0258198889747161,-0.0316460110379243
"Row569",0.0258198889747161,-0.0278589957538433
"Row570",0.0258198889747161,-0.0355983010033927
"Row571",0.0258198889747161,-0.0309938943437667
"Row572",0.0258198889747161,-0.0345296513821067
"Row573",0.0258198889747161,-0.020320454947093
"Row574",0.0258198889747161,-0.0187030816383547
"Row575",0.0258198889747161,-0.0235906511444183
"Row576",0.0258198889747161,-0.0186466989550574
"Row577",0.0258198889747161,-0.0305664606175991
"Row578",0.0258198889747161,-0.0325122551896653
"Row579",0.0258198889747161,-0.0199000055266237
"Row580",0.0258198889747161,-0.019905202240249
"Row581",0.0258198889747161,-0.0334911127426303
"Row582",0.0258198889747161,-0.0375479425609874
"Row583",0.0258198889747161,-0.027235223169972
"Row584",0.0258198889747161,-0.0391307031470568
"Row585",0.0258198889747161,-0.0257875088752462
"Row586",0.0258198889747161,-0.0252138469545601
"Row587",0.0258198889747161,-0.0296849375440292
"Row588",0.0258198889747161,-0.0252657724716002
"Row589",0.0258198889747161,-0.0346782133130804
"Row590",0.0258198889747161,-0.0295190204378499
"Row591",0.0258198889747161,-0.0358525532726616
"Row592",0.0258198889747161,-0.0332053217172959
"Row593",0.0258198889747161,-0.0302374671409557
"Row594",0.0258198889747161,-0.034393136963335
"Row595",0.0258198889747161,-0.033754225217657
"Row596",0.0258198889747161,-0.0175123644681603
"Row597",0.0258198889747161,-0.0312259098647067
"Row598",0.0258198889747161,-0.021977566190425
"Row599",0.0258198889747161,-0.0242975785730273
"Row600",0.0258198889747161,-0.0212405856373174
"Row601",0.0258198889747161,-0.0242262865536952
"Row602",0.0258198889747161,-0.0319326017592081
"Row603",0.0258198889747161,-0.0182783947708577
"Row604",0.0258198889747161,-0.0216211564028039
"Row605",0.0258198889747161,-0.0223197614091929
"Row606",0.0258198889747161,-0.0280232485593399
"Row607",0.0258198889747161,-0.0235291995679862
"Row608",0.0258198889747161,-0.035641310521976
"Row609",0.0258198889747161,-0.0236797861727034
"Row610",0.0258198889747161,-0.0184105593301402
"Row611",0.0258198889747161,-0.0235109467462602
"Row612",0.0258198889747161,-0.031400911739759
"Row613",0.0258198889747161,-0.015622978055268
"Row614",0.0258198889747161,-0.0195692016416448
"Row615",0.0258198889747161,-0.0293965604281567
"Row616",0.0258198889747161,-0.0308134242102014
"Row617",0.0258198889747161,-0.0274706361258033
"Row618",0.0258198889747161,-0.0311036651740219
"Row619",0.0258198889747161,-0.0264840051964213
"Row620",0.0258198889747161,-0.0225769015021454
"Row621",0.0258198889747161,-0.0299856958828269
"Row622",0.0258198889747161,-0.0181166228605015
"Row623",0.0258198889747161,-0.026072684362105
"Row624",0.0258198889747161,-0.0174459091066386
"Row625",0.0258198889747161,-0.0169197586890968
"Row626",0.0258198889747161,-0.0257769583374623
"Row627",0.0258198889747161,-0.0205095991966225
"Row628",0.0258198889747161,-0.0307732110955958
"Row629",0.0258198889747161,-0.0236724723875315
"Row630",0.0258198889747161,-0.0249312172427314
"Row631",0.0258198889747161,-0.0115446368670429
"Row632",0.0258198889747161,-0.0244841905457234
"Row633",0.0258198889747161,-0.0323758383042717
"Row634",0.0258198889747161,-0.0305929101856036
"Row635",0.0258198889747161,-0.00903897544225327
"Row636",0.0258198889747161,-0.0240088971935734
"Row637",0.0258198889747161,-0.0218428181694247
"Row638",0.0258198889747161,-0.0182705768610498
"Row639",0.0258198889747161,-0.0218848482440026
"Row640",0.0258198889747161,-0.024105493046262
"Row641",0.0258198889747161,-0.0284286375652497
"Row642",0.0258198889747161,-0.0138804172892469
"Row643",0.0258198889747161,-0.0203941603219874
"Row644",0.0258198889747161,-0.0135402615071875
"Row645",0.0258198889747161,-0.0271077177465369
"Row646",0.0258198889747161,-0.0251176705910857
"Row647",0.0258198889747161,-0.0216921598254283
"Row648",0.0258198889747161,-0.0240017286630632
"Row649",0.0258198889747161,-0.0257102889930979
"Row650",0.0258198889747161,-0.0173821647159917
"Row651",0.0258198889747161,-0.0298139697209556
"Row652",0.0258198889747161,-0.0204670831869539
"Row653",0.0258198889747161,-0.0302758494229608
"Row654",0.0258198889747161,-0.0277430578705573
"Row655",0.0258198889747161,-0.0313646346187971
"Row656",0.0258198889747161,-0.031037952639369
"Row657",0.0258198889747161,-0.0244848600823637
"Row658",0.0258198889747161,-0.0237411630678442
"Row659",0.0258198889747161,-0.0294855633821978
"Row660",0.0258198889747161,-0.0236621345065333
"Row661",0.0258198889747161,-0.030980592098669
"Row662",0.0258198889747161,-0.0299954644919489
"Row663",0.0258198889747161,-0.028865643743075
"Row664",0.0258198889747161,-0.023897941556766
"Row665",0.0258198889747161,-0.0164765336608877
"Row666",0.0258198889747161,-0.0172347612386364
"Row667",0.0258198889747161,-0.030994143149209
"Row668",0.0258198889747161,-0.0190656357628966
"Row669",0.0258198889747161,-0.0165573536297484
"Row670",0.0258198889747161,-0.0336746873735226
"Row671",0.0258198889747161,-0.0283058994157494
"Row672",0.0258198889747161,-0.0194639528403739
"Row673",0.0258198889747161,-0.0249666871553737
"Row674",0.0258198889747161,-0.0295356275656355
"Row675",0.0258198889747161,-0.0272640618838652
"Row676",0.0258198889747161,-0.0294741450743211
"Row677",0.0258198889747161,-0.0304800674998928
"Row678",0.0258198889747161,-0.0346058333095741
"Row679",0.0258198889747161,-0.0167702542054974
"Row680",0.0258198889747161,-0.0172101809592506
"Row681",0.0258198889747161,-0.0224251087328908
"Row682",0.0258198889747161,-0.0221073243585845
"Row683",0.0258198889747161,-0.0145674290622143
"Row684",0.0258198889747161,-0.0219324894810637
"Row685",0.0258198889747161,-0.0315662316175915
"Row686",0.0258198889747161,-0.0231768664765266
"Row687",0.0258198889747161,-0.0275171752666947
"Row688",0.0258198889747161,-0.0209227524322762
"Row689",0.0258198889747161,-0.0267017446614249
"Row690",0.0258198889747161,-0.0245422894056325
"Row691",0.0258198889747161,-0.0343314845400447
"Row692",0.0258198889747161,-0.0201437599514146
"Row693",0.0258198889747161,-0.0278150809142713
"Row694",0.0258198889747161,-0.0232625851037255
"Row695",0.0258198889747161,-0.0317897696044024
"Row696",0.0258198889747161,-0.017375563985442
"Row697",0.0258198889747161,-0.0265626678795516
"Row698",0.0258198889747161,-0.0166771883474698
"Row699",0.0258198889747161,-0.0279809706254586
"Row700",0.0258198889747161,0.0299534778033696
"Row701",0.0258198889747161,0.033519566241146
"Row702",0.0258198889747161,0.0410700532845179
"Row703",0.0258198889747161,0.0349347642446839
"Row704",0.0258198889747161,0.021695856791214
"Row705",0.0258198889747161,0.0160693460892808
"Row706",0.0258198889747161,0.0186076089155276
"Row707",0.0258198889747161,0.0259414889298303
"Row708",0.0258198889747161,0.0389918621352209
"Row709",0.0258198889747161,0.0291496450306773
"Row710",0.0258198889747161,0.0250608782378745
"Row711",0.0258198889747161,0.0326311210723077
"Row712",0.0258198889747161,0.0241646792912939
"Row713",0.0258198889747161,0.0328250029232391
"Row714",0.0258198889747161,0.0307412818605681
"Row715",0.0258198889747161,0.0231257841152206
"Row716",0.0258198889747161,0.0264169602483453
"Row717",0.0258198889747161,0.0279825898808769
"Row718",0.0258198889747161,0.0363995146924725
"Row719",0.0258198889747161,0.0214065351403141
"Row720",0.0258198889747161,0.0188605624297343
"Row721",0.0258198889747161,0.0261607005570745
"Row722",0.0258198889747161,0.0179086557976886
"Row723",0.0258198889747161,0.0167101575224735
"Row724",0.0258198889747161,0.0312270072026255
"Row725",0.0258198889747161,0.0191211487306396
"Row726",0.0258198889747161,0.0265187933413635
"Row727",0.0258198889747161,0.0316430860812408
"Row728",0.0258198889747161,0.0193588210410955
"Row729",0.0258198889747161,0.0293718230193247
"Row730",0.0258198889747161,0.0297778306408995
"Row731",0.0258198889747161,0.0399173897180513
"Row732",0.0258198889747161,0.0319397627889104
"Row733",0.0258198889747161,0.0211901384212395
"Row734",0.0258198889747161,0.0235978170058036
"Row735",0.0258198889747161,0.0350970181243772
"Row736",0.0258198889747161,0.0295800983234399
"Row737",0.0258198889747161,0.0259155676179557
"Row738",0.0258198889747161,0.0285146111861971
"Row739",0.0258198889747161,0.020429702981877
"Row740",0.0258198889747161,0.0275723315882867
"Row741",0.0258198889747161,0.0354079491948088
"Row742",0.0258198889747161,0.0283737444341188
"Row743",0.0258198889747161,0.0229988385653526
"Row744",0.0258198889747161,0.0221667565069842
"Row745",0.0258198889747161,0.0227391614896729
"Row746",0.0258198889747161,0.0295117335114884
"Row747",0.0258198889747161,0.0244249995471191
"Row748",0.0258198889747161,0.0220984723472983
"Row749",0.0258198889747161,0.0237917763289666
"Row750",0.0258198889747161,0.0327181521697698
"Row751",0.0258198889747161,0.0286526999883716
"Row752",0.0258198889747161,0.022490805172637
"Row753",0.0258198889747161,0.0325338875964258
"Row754",0.0258198889747161,0.0246141489276499
"Row755",0.0258198889747161,0.0183336216092028
"Row756",0.0258198889747161,0.0245643222499689
"Row757",0.0258198889747161,0.0251808638834735
"Row758",0.0258198889747161,0.026867044160161
"Row759",0.0258198889747161,0.0193394094928675
"Row760",0.0258198889747161,0.0262587138124946
"Row761",0.0258198889747161,0.0238097203944435
"Row762",0.0258198889747161,0.0348815774363909
"Row763",0.0258198889747161,0.03375067219305
"Row764",0.0258198889747161,0.0191513552719073
"Row765",0.0258198889747161,0.0354355243154896
"Row766",0.0258198889747161,0.0246247158662805
"Row767",0.0258198889747161,0.0342719893042081
"Row768",0.0258198889747161,0.0290647492600974
"Row769",0.0258198889747161,0.0313754682508305
"Row770",0.0258198889747161,0.0221719924283558
"Row771",0.0258198889747161,0.0350154474969652
"Row772",0.0258198889747161,0.0338737419494541
"Row773",0.0258198889747161,0.0302497024008013
"Row774",0.0258198889747161,0.0226523035841848
"Row775",0.0258198889747161,0.0299158003431116
"Row776",0.0258198889747161,0.0133919673894637
"Row777",0.0258198889747161,0.0364940571153447
"Row778",0.0258198889747161,0.0272347544751966
"Row779",0.0258198889747161,0.0290138525904684
"Row780",0.0258198889747161,0.0238140029507637
"Row781",0.0258198889747161,0.0290833116220609
"Row782",0.0258198889747161,0.0280956328318788
"Row783",0.0258198889747161,0.0360476610821011
"Row784",0.0258198889747161,0.0222659506256376
"Row785",0.0258198889747161,0.0311957256952463
"Row786",0.0258198889747161,0.0242001314412361
"Row787",0.0258198889747161,0.022480902034605
"Row788",0.0258198889747161,0.0204146007044297
"Row789",0.0258198889747161,0.0221772113961873
"Row790",0.0258198889747161,0.0271703528100904
"Row791",0.0258198889747161,0.0205073072148625
"Row792",0.0258198889747161,0.0236310202681751
"Row793",0.0258198889747161,0.0253803947334174
"Row794",0.0258198889747161,0.0280769597688072
"Row795",0.0258198889747161,0.0288490907902792
"Row796",0.0258198889747161,0.0360197780626855
"Row797",0.0258198889747161,0.0399635950653206
"Row798",0.0258198889747161,0.0335123191881406
"Row799",0.0258198889747161,0.0354173794414349
"Row800",0.0258198889747161,0.0288229007818031
"Row801",0.0258198889747161,0.0308218745550314
"Row802",0.0258198889747161,0.0291628804309319
"Row803",0.0258198889747161,0.0203402820048326
"Row804",0.0258198889747161,0.0329664763840954
"Row805",0.0258198889747161,0.0328691699223804
"Row806",0.0258198889747161,0.0236757784796873
"Row807",0.0258198889747161,0.0220598430150973
"Row808",0.0258198889747161,0.029452594867322
"Row809",0.0258198889747161,0.023465444446188
"Row810",0.0258198889747161,0.0209841948206099
"Row811",0.0258198889747161,0.0119074242186231
"Row812",0.0258198889747161,0.0260662161552173
"Row813",0.0258198889747161,0.0188196294759697
"Row814",0.0258198889747161,0.0172826725743059
"Row815",0.0258198889747161,0.0174452596104859
"Row816",0.0258198889747161,0.023411272735767
"Row817",0.0258198889747161,0.0249605824491419
"Row818",0.0258198889747161,0.0203720471205902
"Row819",0.0258198889747161,0.0289114618358595
"Row820",0.0258198889747161,0.0116517379161634
"Row821",0.0258198889747161,0.0275136887038779
"Row822",0.0258198889747161,0.0228981531804983
"Row823",0.0258198889747161,0.0350646868303338
"Row824",0.0258198889747161,0.0323232803773184
"Row825",0.0258198889747161,0.0305220506370083
"Row826",0.0258198889747161,0.0298555303224404
"Row827",0.0258198889747161,0.0279388689368839
"Row828",0.0258198889747161,0.0304438869734278
"Row829",0.0258198889747161,0.0244819954117405
"Row830",0.0258198889747161,0.0372961220415786
"Row831",0.0258198889747161,0.0229220065266443
"Row832",0.0258198889747161,0.0290399721779059
"Row833",0.0258198889747161,0.0317114902820548
"Row834",0.0258198889747161,0.0330689418525119
"Row835",0.0258198889747161,0.0227226613381695
"Row836",0.0258198889747161,0.028194655536175
"Row837",0.0258198889747161,0.019738635746792
"Row838",0.0258198889747161,0.0304392319305906
"Row839",0.0258198889747161,0.0295037782078919
"Row840",0.0258198889747161,0.0167637210428523
"Row841",0.0258198889747161,0.0318887703051773
"Row842",0.0258198889747161,0.0235481464085378
"Row843",0.0258198889747161,0.0311963363882484
"Row844",0.0258198889747161,0.0255808650607478
"Row845",0.0258198889747161,0.0210459896533121
"Row846",0.0258198889747161,0.0269777894634621
"Row847",0.0258198889747161,0.0264120966715209
"Row848",0.0258198889747161,0.0310874576261891
"Row849",0.0258198889747161,0.0186023749639397
"Row850",0.0258198889747161,0.0249672514997316
"Row851",0.0258198889747161,0.033074217028082
"Row852",0.0258198889747161,0.0214081250588699
"Row853",0.0258198889747161,0.034225237433599
"Row854",0.0258198889747161,0.0198371916553331
"Row855",0.0258198889747161,0.0288991752667394
"Row856",0.0258198889747161,0.0297370519356245
"Row857",0.0258198889747161,0.0226564301240567
"Row858",0.0258198889747161,0.0278826560507866
"Row859",0.0258198889747161,0.0277939740296086
"Row860",0.0258198889747161,0.030681395028767
"Row861",0.0258198889747161,0.0227612580618202
"Row862",0.0258198889747161,0.0236603071132041
"Row863",0.0258198889747161,0.0278340052088951
"Row864",0.0258198889747161,0.0374404423506755
"Row865",0.0258198889747161,0.02093870752796
"Row866",0.0258198889747161,0.0215133042344238
"Row867",0.0258198889747161,0.0292236539850393
"Row868",0.0258198889747161,0.0250224840150643
"Row869",0.0258198889747161,0.0236304893005846
"Row870",0.0258198889747161,0.0371585639243223
"Row871",0.0258198889747161,0.0277632992129232
"Row872",0.0258198889747161,0.033813370138625
"Row873",0.0258198889747161,0.0310861989602254
"Row874",0.0258198889747161,0.0180100565779852
"Row875",0.0258198889747161,0.0307159031718768
"Row876",0.0258198889747161,0.0177419065660122
"Row877",0.0258198889747161,0.0238425478320684
"Row878",0.0258198889747161,0.0342440205003465
"Row879",0.0258198889747161,0.0236492053062751
"Row880",0.0258198889747161,0.0309346131596662
"Row881",0.0258198889747161,0.0251225373265924
"Row882",0.0258198889747161,0.0217497820986288
"Row883",0.0258198889747161,0.0292025381869749
"Row884",0.0258198889747161,0.0282708667232203
"Row885",0.0258198889747161,0.0191545022985023
"Row886",0.0258198889747161,0.023899758055309
"Row887",0.0258198889747161,0.0210360017332938
"Row888",0.0258198889747161,0.014126160667967
"Row889",0.0258198889747161,0.0279467316744225
"Row890",0.0258198889747161,0.0223777740737654
"Row891",0.0258198889747161,0.0232316879282312
"Row892",0.0258198889747161,0.0206660332139044
"Row893",0.0258198889747161,0.0217579244910363
"Row894",0.0258198889747161,0.0202140600075955
"Row895",0.0258198889747161,0.0220720627665515
"Row896",0.0258198889747161,0.0329228073157272
"Row897",0.0258198889747161,0.030842795160876
"Row898",0.0258198889747161,0.0371934435423451
"Row899",0.0258198889747161,0.0356460670797653
"Row900",0.0258198889747161,0.0301947997311692
"Row901",0.0258198889747161,0.0308879018282393
"Row902",0.0258198889747161,0.0341135177386912
"Row903",0.0258198889747161,0.0339964852102794
"Row904",0.0258198889747161,0.0283559615849583
"Row905",0.0258198889747161,0.0260504405948441
"Row906",0.0258198889747161,0.0341877973637852
"Row907",0.0258198889747161,0.0360633952088409
"Row908",0.0258198889747161,0.0322315176104038
"Row909",0.0258198889747161,0.032437337281139
"Row910",0.0258198889747161,0.0409182120302269
"Row911",0.0258198889747161,0.0300484968884061
"Row912",0.0258198889747161,0.031356621176859
"Row913",0.0258198889747161,0.0358918794946517
"Row914",0.0258198889747161,0.0443188954102055
"Row915",0.0258198889747161,0.0250424935755328
"Row916",0.0258198889747161,0.026822152480161
"Row917",0.0258198889747161,0.0279034959993393
"Row918",0.0258198889747161,0.0261198352067979
"Row919",0.0258198889747161,0.0226818234681091
"Row920",0.0258198889747161,0.0177924685570693
"Row921",0.0258198889747161,0.0316707661471154
"Row922",0.0258198889747161,0.0399389087472504
"Row923",0.0258198889747161,0.0353674240415716
"Row924",0.0258198889747161,0.0312205446854838
"Row925",0.0258198889747161,0.0329633838624343
"Row926",0.0258198889747161,0.0330551603436094
"Row927",0.0258198889747161,0.0341800923050901
"Row928",0.0258198889747161,0.0395478303985401
"Row929",0.0258198889747161,0.0299834966460231
"Row930",0.0258198889747161,0.021828336851971
"Row931",0.0258198889747161,0.0329126446211634
"Row932",0.0258198889747161,0.0287357644513475
"Row933",0.0258198889747161,0.0335088789433547
"Row934",0.0258198889747161,0.0401943936238112
"Row935",0.0258198889747161,0.0314074151404086
"Row936",0.0258198889747161,0.0248967861464835
"Row937",0.0258198889747161,0.0295870297971516
"Row938",0.0258198889747161,0.0231587646088428
"Row939",0.0258198889747161,0.0361317913148485
"Row940",0.0258198889747161,0.0363988048139757
"Row941",0.0258198889747161,0.0212706977094064
"Row942",0.0258198889747161,0.0257276741002954
"Row943",0.0258198889747161,0.0362642875813397
"Row944",0.0258198889747161,0.0194310172902229
"Row945",0.0258198889747161,0.0198183117625216
"Row946",0.0258198889747161,0.0338639876523842
"Row947",0.0258198889747161,0.0382987859358613
"Row948",0.0258198889747161,0.0390597076310087
"Row949",0.0258198889747161,0.0262416247297592
"Row950",0.0258198889747161,0.0302371906595896
"Row951",0.0258198889747161,0.037378295881694
"Row952",0.0258198889747161,0.0287981184610767
"Row953",0.0258198889747161,0.037016662237104
"Row954",0.0258198889747161,0.0326149183219041
"Row955",0.0258198889747161,0.0387427939583351
"Row956",0.0258198889747161,0.0383860232297839
"Row957",0.0258198889747161,0.0338240410033115
"Row958",0.0258198889747161,0.0369603446966217
"Row959",0.0258198889747161,0.0417366355895634
"Row960",0.0258198889747161,0.0379182914893684
"Row961",0.0258198889747161,0.0258693573442315
"Row962",0.0258198889747161,0.0349159372855266
"Row963",0.0258198889747161,0.0290656385894975
"Row964",0.0258198889747161,0.035574107320706
"Row965",0.0258198889747161,0.0331882568039047
"Row966",0.0258198889747161,0.02563511555865
"Row967",0.0258198889747161,0.0343220968885212
"Row968",0.0258198889747161,0.0278059446081929
"Row969",0.0258198889747161,0.0376357930751614
"Row970",0.0258198889747161,0.0353353620261422
"Row971",0.0258198889747161,0.0332626575899451
"Row972",0.0258198889747161,0.0312747920884886
"Row973",0.0258198889747161,0.0331824399738406
"Row974",0.0258198889747161,0.0390758269716752
"Row975",0.0258198889747161,0.0316875787006037
"Row976",0.0258198889747161,0.0457942742523285
"Row977",0.0258198889747161,0.0298335299850052
"Row978",0.0258198889747161,0.0293675492513813
"Row979",0.0258198889747161,0.0194491418749015
"Row980",0.0258198889747161,0.0240734261074856
"Row981",0.0258198889747161,0.0372098679726849
"Row982",0.0258198889747161,0.0340992150763326
"Row983",0.0258198889747161,0.0322365020990745
"Row984",0.0258198889747161,0.0347240038227752
"Row985",0.0258198889747161,0.0355315813070794
"Row986",0.0258198889747161,0.0406225703743357
"Row987",0.0258198889747161,0.0284467433191344
"Row988",0.0258198889747161,0.0297616106421388
"Row989",0.0258198889747161,0.0344589885311351
"Row990",0.0258198889747161,0.0335005060113699
"Row991",0.0258198889747161,0.0241443759195384
"Row992",0.0258198889747161,0.0345052291962955
"Row993",0.0258198889747161,0.0310739129713193
"Row994",0.0258198889747161,0.0308030135814198
"Row995",0.0258198889747161,0.0350648098381068
"Row996",0.0258198889747161,0.0386271923053649
"Row997",0.0258198889747161,0.0344120273200828
"Row998",0.0258198889747161,0.026904598283213
"Row999",0.0258198889747161,0.0279607218946248
"Row1000",0.0258198889747161,0.0278024588069441
"Row1001",0.0258198889747161,0.0184499199529449
"Row1002",0.0258198889747161,0.0353328077186934
"Row1003",0.0258198889747161,0.0220745253620022
"Row1004",0.0258198889747161,0.0221843314658332
"Row1005",0.0258198889747161,0.022183076356268
"Row1006",0.0258198889747161,0.0341182812946508
"Row1007",0.0258198889747161,0.0257273157686477
"Row1008",0.0258198889747161,0.02832941362212
"Row1009",0.0258198889747161,0.0336808902788951
"Row1010",0.0258198889747161,0.0243132017607099
"Row1011",0.0258198889747161,0.0339897776965136
"Row1012",0.0258198889747161,0.015884098016188
"Row1013",0.0258198889747161,0.030352916949973
"Row1014",0.0258198889747161,0.0267301028626059
"Row1015",0.0258198889747161,0.0132628940452539
"Row1016",0.0258198889747161,0.0234553575217622
"Row1017",0.0258198889747161,0.0221503933401503
"Row1018",0.0258198889747161,0.0165138309806459
"Row1019",0.0258198889747161,0.0340375267025674
"Row1020",0.0258198889747161,0.0196644605329094
"Row1021",0.0258198889747161,0.0336280476941168
"Row1022",0.0258198889747161,0.0191804550757887
"Row1023",0.0258198889747161,0.0335465875059561
"Row1024",0.0258198889747161,0.0280108048195934
"Row1025",0.0258198889747161,0.0328429756577998
"Row1026",0.0258198889747161,0.0252369930602059
"Row1027",0.0258198889747161,0.0239027278507173
"Row1028",0.0258198889747161,0.0308961478274443
"Row1029",0.0258198889747161,0.0299317470324469
"Row1030",0.0258198889747161,0.0269992331749129
"Row1031",0.0258198889747161,0.0271653832370156
"Row1032",0.0258198889747161,0.0238896174491399
"Row1033",0.0258198889747161,0.0385954887358396
"Row1034",0.0258198889747161,0.0279311846667747
"Row1035",0.0258198889747161,0.0261779649834829
"Row1036",0.0258198889747161,0.0222227644871285
"Row1037",0.0258198889747161,0.0159729471003087
"Row1038",0.0258198889747161,0.028139144977239
"Row1039",0.0258198889747161,0.0278507611569439
"Row1040",0.0258198889747161,0.0193337081925605
"Row1041",0.0258198889747161,0.0251831530539219
"Row1042",0.0258198889747161,0.0252815236846067
"Row1043",0.0258198889747161,0.0181907226654898
"Row1044",0.0258198889747161,0.0255969060790098
"Row1045",0.0258198889747161,0.0147283475116918
"Row1046",0.0258198889747161,0.0224809415486349
"Row1047",0.0258198889747161,0.0278510938669753
"Row1048",0.0258198889747161,0.03878839067223
"Row1049",0.0258198889747161,0.0171030139635892
"Row1050",0.0258198889747161,0.0289007009502927
"Row1051",0.0258198889747161,0.0211955299423626
"Row1052",0.0258198889747161,0.026488217793726
"Row1053",0.0258198889747161,0.0252579337816937
"Row1054",0.0258198889747161,0.0306532960730719
"Row1055",0.0258198889747161,0.0270501197447433
"Row1056",0.0258198889747161,0.0279790504423556
"Row1057",0.0258198889747161,0.0222990052830242
"Row1058",0.0258198889747161,0.0289359965309384
"Row1059",0.0258198889747161,0.0323813973684191
"Row1060",0.0258198889747161,0.0187839947115253
"Row1061",0.0258198889747161,0.025909322073524
"Row1062",0.0258198889747161,0.0227696335070078
"Row1063",0.0258198889747161,0.024350371015242
"Row1064",0.0258198889747161,0.0222129531102907
"Row1065",0.0258198889747161,0.0277003673680153
"Row1066",0.0258198889747161,0.0223279302308264
"Row1067",0.0258198889747161,0.025181620297608
"Row1068",0.0258198889747161,0.026262330169248
"Row1069",0.0258198889747161,0.0215408819588624
"Row1070",0.0258198889747161,0.0266912659089693
"Row1071",0.0258198889747161,0.0235506261912068
"Row1072",0.0258198889747161,0.027974761674362
"Row1073",0.0258198889747161,0.025214744961355
"Row1074",0.0258198889747161,0.0226663539246052
"Row1075",0.0258198889747161,0.0302528275439012
"Row1076",0.0258198889747161,0.0259549440161645
"Row1077",0.0258198889747161,0.0284769820716621
"Row1078",0.0258198889747161,0.0359862848530028
"Row1079",0.0258198889747161,0.0322304824412889
"Row1080",0.0258198889747161,0.0282515377923554
"Row1081",0.0258198889747161,0.0300801747349091
"Row1082",0.0258198889747161,0.0291099359147478
"Row1083",0.0258198889747161,0.0284611596286067
"Row1084",0.0258198889747161,0.0287208785832559
"Row1085",0.0258198889747161,0.0250268052182316
"Row1086",0.0258198889747161,0.0211310074250547
"Row1087",0.0258198889747161,0.0249783869912846
"Row1088",0.0258198889747161,0.0211164364293903
"Row1089",0.0258198889747161,0.0250304607665007
"Row1090",0.0258198889747161,0.0294893170503279
"Row1091",0.0258198889747161,0.0418661023083899
"Row1092",0.0258198889747161,0.0268085594964055
"Row1093",0.0258198889747161,0.0243666518046399
"Row1094",0.0258198889747161,0.014219263991256
"Row1095",0.0258198889747161,0.0290267277499829
"Row1096",0.0258198889747161,0.0224201288508003
"Row1097",0.0258198889747161,0.0329831111227458
"Row1098",0.0258198889747161,0.0291148950480864
"Row1099",0.0258198889747161,0.0236894664404926
"Row1100",0.0258198889747161,-0.0295680984065868
"Row1101",0.0258198889747161,-0.0297502269745454
"Row1102",0.0258198889747161,-0.026932736914842
"Row1103",0.0258198889747161,-0.0244015888662281
"Row1104",0.0258198889747161,-0.0198099869442186
"Row1105",0.0258198889747161,-0.0273573120463581
"Row1106",0.0258198889747161,-0.0369423404049273
"Row1107",0.0258198889747161,-0.0306545042588191
"Row1108",0.0258198889747161,-0.02938157535674
"Row1109",0.0258198889747161,-0.0263931945880807
"Row1110",0.0258198889747161,-0.0175855586807641
"Row1111",0.0258198889747161,-0.0258098098000545
"Row1112",0.0258198889747161,-0.0256999174105292
"Row1113",0.0258198889747161,-0.0323978685692597
"Row1114",0.0258198889747161,-0.0283284294296326
"Row1115",0.0258198889747161,-0.0399899236703001
"Row1116",0.0258198889747161,-0.028476781737069
"Row1117",0.0258198889747161,-0.0376400718285312
"Row1118",0.0258198889747161,-0.0269805307895585
"Row1119",0.0258198889747161,-0.0380743532245094
"Row1120",0.0258198889747161,-0.0262701461275886
"Row1121",0.0258198889747161,-0.0265313091461171
"Row1122",0.0258198889747161,-0.0443852731617241
"Row1123",0.0258198889747161,-0.0232148498035125
"Row1124",0.0258198889747161,-0.0333488383280999
"Row1125",0.0258198889747161,-0.0354764793921926
"Row1126",0.0258198889747161,-0.0264160692176647
"Row1127",0.0258198889747161,-0.0356207246287921
"Row1128",0.0258198889747161,-0.031600421849472
"Row1129",0.0258198889747161,-0.0269937881275228
"Row1130",0.0258198889747161,-0.0304255474424492
"Row1131",0.0258198889747161,-0.0291975699787105
"Row1132",0.0258198889747161,-0.0304147616389506
"Row1133",0.0258198889747161,-0.0394588379565345
"Row1134",0.0258198889747161,-0.027057852147844
"Row1135",0.0258198889747161,-0.0319011514899262
"Row1136",0.0258198889747161,-0.0417267949497947
"Row1137",0.0258198889747161,-0.0268553360528343
"Row1138",0.0258198889747161,-0.0356841503842289
"Row1139",0.0258198889747161,-0.0274749495435766
"Row1140",0.0258198889747161,-0.0328653957896273
"Row1141",0.0258198889747161,-0.030976810061479
"Row1142",0.0258198889747161,-0.024350003626654
"Row1143",0.0258198889747161,-0.0314723036248894
"Row1144",0.0258198889747161,-0.025685630470838
"Row1145",0.0258198889747161,-0.0248352580642505
"Row1146",0.0258198889747161,-0.03079976248472
"Row1147",0.0258198889747161,-0.0301677385387356
"Row1148",0.0258198889747161,-0.0283338292868462
"Row1149",0.0258198889747161,-0.0278877173468795
"Row1150",0.0258198889747161,-0.0291945760652263
"Row1151",0.0258198889747161,-0.0263740861513129
"Row1152",0.0258198889747161,-0.0216703392605636
"Row1153",0.0258198889747161,-0.0268361403242055
"Row1154",0.0258198889747161,-0.0287493984419975
"Row1155",0.0258198889747161,-0.0263021665307215
"Row1156",0.0258198889747161,-0.0245960864040078
"Row1157",0.0258198889747161,-0.0278485796708977
"Row1158",0.0258198889747161,-0.0207805150447789
"Row1159",0.0258198889747161,-0.036311027940629
"Row1160",0.0258198889747161,-0.0318883200410577
"Row1161",0.0258198889747161,-0.0275631441041794
"Row1162",0.0258198889747161,-0.023363534949844
"Row1163",0.0258198889747161,-0.0262824431717034
"Row1164",0.0258198889747161,-0.0173254068715319
"Row1165",0.0258198889747161,-0.0288218257576456
"Row1166",0.0258198889747161,-0.0210209878809079
"Row1167",0.0258198889747161,-0.0246034371773418
"Row1168",0.0258198889747161,-0.0337547939349301
"Row1169",0.0258198889747161,-0.0362333627571828
"Row1170",0.0258198889747161,-0.0237982147686671
"Row1171",0.0258198889747161,-0.0155227420364963
"Row1172",0.0258198889747161,-0.0280691646022002
"Row1173",0.0258198889747161,-0.0252462432965648
"Row1174",0.0258198889747161,-0.0234644423681961
"Row1175",0.0258198889747161,-0.0323921055462817
"Row1176",0.0258198889747161,-0.0247607350781958
"Row1177",0.0258198889747161,-0.030049227348761
"Row1178",0.0258198889747161,-0.0372076965603755
"Row1179",0.0258198889747161,-0.020539176187341
"Row1180",0.0258198889747161,-0.0303731035157727
"Row1181",0.0258198889747161,-0.0179480378114252
"Row1182",0.0258198889747161,-0.0303172530944692
"Row1183",0.0258198889747161,-0.0299195882333167
"Row1184",0.0258198889747161,-0.0239104178127402
"Row1185",0.0258198889747161,-0.0180175787194466
"Row1186",0.0258198889747161,-0.0394210476906809
"Row1187",0.0258198889747161,-0.0263125163582155
"Row1188",0.0258198889747161,-0.0338375508283159
"Row1189",0.0258198889747161,-0.0230955579798103
"Row1190",0.0258198889747161,-0.0333516068027428
"Row1191",0.0258198889747161,-0.0230125311197121
"Row1192",0.0258198889747161,-0.0168452197717656
"Row1193",0.0258198889747161,-0.0352346107879308
"Row1194",0.0258198889747161,-0.0277800275508883
"Row1195",0.0258198889747161,-0.0291520640641108
"Row1196",0.0258198889747161,-0.0345760621262197
"Row1197",0.0258198889747161,-0.0246205504412735
"Row1198",0.0258198889747161,-0.026995933300689
"Row1199",0.0258198889747161,-0.0292018709644519
"Row1200",0.0258198889747161,-0.0371792972736901
"Row1201",0.0258198889747161,-0.0261871393471421
"Row1202",0.0258198889747161,-0.0288757413416618
"Row1203",0.0258198889747161,-0.026776731876467
"Row1204",0.0258198889747161,-0.0320662082120263
"Row1205",0.0258198889747161,-0.0310548570995839
"Row1206",0.0258198889747161,-0.0218859300081811
"Row1207",0.0258198889747161,-0.0349352642294654
"Row1208",0.0258198889747161,-0.0330639307549004
"Row1209",0.0258198889747161,-0.0338204242681394
"Row1210",0.0258198889747161,-0.031421619961134
"Row1211",0.0258198889747161,-0.0263570833333007
"Row1212",0.0258198889747161,-0.0331974259669216
"Row1213",0.0258198889747161,-0.0229565672193415
"Row1214",0.0258198889747161,-0.0274667079992396
"Row1215",0.0258198889747161,-0.0270793564946239
"Row1216",0.0258198889747161,-0.0218454798640315
"Row1217",0.0258198889747161,-0.0403875068574323
"Row1218",0.0258198889747161,-0.0297111265669763
"Row1219",0.0258198889747161,-0.0303668052705571
"Row1220",0.0258198889747161,-0.0193367728964877
"Row1221",0.0258198889747161,-0.026969451206381
"Row1222",0.0258198889747161,-0.0379610271636734
"Row1223",0.0258198889747161,-0.0302526490652461
"Row1224",0.0258198889747161,-0.0250179455786012
"Row1225",0.0258198889747161,-0.0301123466320227
"Row1226",0.0258198889747161,-0.0206789706405822
"Row1227",0.0258198889747161,-0.0320564402408213
"Row1228",0.0258198889747161,-0.0216299306747497
"Row1229",0.0258198889747161,-0.0324045542375076
"Row1230",0.0258198889747161,-0.0245478130046651
"Row1231",0.0258198889747161,-0.0250179179958266
"Row1232",0.0258198889747161,-0.0273835793384107
"Row1233",0.0258198889747161,-0.0312186206863692
"Row1234",0.0258198889747161,-0.039539077074536
"Row1235",0.0258198889747161,-0.0316645962316257
"Row1236",0.0258198889747161,-0.0345206553343178
"Row1237",0.0258198889747161,-0.0201950461275783
"Row1238",0.0258198889747161,-0.0211296144955031
"Row1239",0.0258198889747161,-0.0290383072390967
"Row1240",0.0258198889747161,-0.0341707270442197
"Row1241",0.0258198889747161,-0.0247936534817605
"Row1242",0.0258198889747161,-0.0287615737733185
"Row1243",0.0258198889747161,-0.0320685920285636
"Row1244",0.0258198889747161,-0.0380942590466834
"Row1245",0.0258198889747161,-0.0241845368147739
"Row1246",0.0258198889747161,-0.0382691385078893
"Row1247",0.0258198889747161,-0.0360869893278082
"Row1248",0.0258198889747161,-0.0254400047906114
"Row1249",0.0258198889747161,-0.0281534886307628
"Row1250",0.0258198889747161,-0.0263195521944778
"Row1251",0.0258198889747161,-0.0287946634007829
"Row1252",0.0258198889747161,-0.0348958950783034
"Row1253",0.0258198889747161,-0.0349399492390501
"Row1254",0.0258198889747161,-0.0365424262254379
"Row1255",0.0258198889747161,-0.0251789064917188
"Row1256",0.0258198889747161,-0.0249668437166891
"Row1257",0.0258198889747161,-0.0247622101706537
"Row1258",0.0258198889747161,-0.0271114432817899
"Row1259",0.0258198889747161,-0.0288494678787218
"Row1260",0.0258198889747161,-0.0288130230789181
"Row1261",0.0258198889747161,-0.0347411977719065
"Row1262",0.0258198889747161,-0.0329094988406
"Row1263",0.0258198889747161,-0.0244222314241004
"Row1264",0.0258198889747161,-0.032422437739375
"Row1265",0.0258198889747161,-0.0289612583901765
"Row1266",0.0258198889747161,-0.0440236981399085
"Row1267",0.0258198889747161,-0.0302774879474703
"Row1268",0.0258198889747161,-0.0233652817177347
"Row1269",0.0258198889747161,-0.0377654991134176
"Row1270",0.0258198889747161,-0.0310026593244015
"Row1271",0.0258198889747161,-0.0364469482297455
"Row1272",0.0258198889747161,-0.0345162450927509
"Row1273",0.0258198889747161,-0.0303967383962252
"Row1274",0.0258198889747161,-0.0408085906347152
"Row1275",0.0258198889747161,-0.0311027651010223
"Row1276",0.0258198889747161,-0.0241988127297274
"Row1277",0.0258198889747161,-0.0290181705451554
"Row1278",0.0258198889747161,-0.0356269723017489
"Row1279",0.0258198889747161,-0.0370470870101801
"Row1280",0.0258198889747161,-0.0311023783222797
"Row1281",0.0258198889747161,-0.0191368097345804
"Row1282",0.0258198889747161,-0.0333615533500392
"Row1283",0.0258198889747161,-0.0313611054771656
"Row1284",0.0258198889747161,-0.0248355540980713
"Row1285",0.0258198889747161,-0.038991783518578
"Row1286",0.0258198889747161,-0.0224345380382557
"Row1287",0.0258198889747161,-0.0413441464726337
"Row1288",0.0258198889747161,-0.0374559705945044
"Row1289",0.0258198889747161,-0.0412472689375719
"Row1290",0.0258198889747161,-0.0289549438967887
"Row1291",0.0258198889747161,-0.0332369963515613
"Row1292",0.0258198889747161,-0.0389796739308257
"Row1293",0.0258198889747161,-0.0293592554989966
"Row1294",0.0258198889747161,-0.0343554181214643
"Row1295",0.0258198889747161,-0.0217964314608256
"Row1296",0.0258198889747161,-0.0283793454552291
"Row1297",0.0258198889747161,-0.0240408043073916
"Row1298",0.0258198889747161,-0.0361768410751352
"Row1299",0.0258198889747161,-0.0332292190927099
"Row1300",0.0258198889747161,-0.0308800778752503
"Row1301",0.0258198889747161,-0.0197408559895901
"Row1302",0.0258198889747161,-0.0219310732265239
"Row1303",0.0258198889747161,-0.0177071770279878
"Row1304",0.0258198889747161,-0.0245623020693633
"Row1305",0.0258198889747161,-0.0239099523219722
"Row1306",0.0258198889747161,-0.0260704170703775
"Row1307",0.0258198889747161,-0.0366074287990713
"Row1308",0.0258198889747161,-0.0313393936191887
"Row1309",0.0258198889747161,-0.0187247589991543
"Row1310",0.0258198889747161,-0.0195376315255355
"Row1311",0.0258198889747161,-0.0186307928743222
"Row1312",0.0258198889747161,-0.0279606723194286
"Row1313",0.0258198889747161,-0.0334944081144303
"Row1314",0.0258198889747161,-0.0272295139176403
"Row1315",0.0258198889747161,-0.0239034276970191
"Row1316",0.0258198889747161,-0.0311989603459772
"Row1317",0.0258198889747161,-0.0270757272859623
"Row1318",0.0258198889747161,-0.0388467470202064
"Row1319",0.0258198889747161,-0.0270585982531636
"Row1320",0.0258198889747161,-0.023253442897926
"Row1321",0.0258198889747161,-0.0281550429886827
"Row1322",0.0258198889747161,-0.0141131664659117
"Row1323",0.0258198889747161,-0.0270240140148852
"Row1324",0.0258198889747161,-0.0244125730435105
"Row1325",0.0258198889747161,-0.0229424152160286
"Row1326",0.0258198889747161,-0.0348983865424164
"Row1327",0.0258198889747161,-0.0203271751022939
"Row1328",0.0258198889747161,-0.0333069507528993
"Row1329",0.0258198889747161,-0.0219385155778126
"Row1330",0.0258198889747161,-0.0331023303013425
"Row1331",0.0258198889747161,-0.0320325342250831
"Row1332",0.0258198889747161,-0.0316574236137284
"Row1333",0.0258198889747161,-0.0357343804674112
"Row1334",0.0258198889747161,-0.0364501603142409
"Row1335",0.0258198889747161,-0.0242283069303117
"Row1336",0.0258198889747161,-0.0333369300330754
"Row1337",0.0258198889747161,-0.0366948498084084
"Row1338",0.0258198889747161,-0.0122611058288313
"Row1339",0.0258198889747161,-0.0300645701036385
"Row1340",0.0258198889747161,-0.018723968267037
"Row1341",0.0258198889747161,-0.0285011140173212
"Row1342",0.0258198889747161,-0.031901553673221
"Row1343",0.0258198889747161,-0.0196316431270885
"Row1344",0.0258198889747161,-0.0311987160735229
"Row1345",0.0258198889747161,-0.027700779563933
"Row1346",0.0258198889747161,-0.0189663829150888
"Row1347",0.0258198889747161,-0.0355354624773979
"Row1348",0.0258198889747161,-0.0241367255564045
"Row1349",0.0258198889747161,-0.029550176647559
"Row1350",0.0258198889747161,-0.0270854759679422
"Row1351",0.0258198889747161,-0.0216248585747184
"Row1352",0.0258198889747161,-0.0243780848291513
"Row1353",0.0258198889747161,-0.0278909072533468
"Row1354",0.0258198889747161,-0.0256442846465948
"Row1355",0.0258198889747161,-0.034541259646107
"Row1356",0.0258198889747161,-0.0335976722570697
"Row1357",0.0258198889747161,-0.0254411690243453
"Row1358",0.0258198889747161,-0.0256119113520087
"Row1359",0.0258198889747161,-0.0237471296233912
"Row1360",0.0258198889747161,-0.0389441629867121
"Row1361",0.0258198889747161,-0.0298724487456897
"Row1362",0.0258198889747161,-0.0227935614489886
"Row1363",0.0258198889747161,-0.0258779435299551
"Row1364",0.0258198889747161,-0.0259466108067212
"Row1365",0.0258198889747161,-0.0227205697764096
"Row1366",0.0258198889747161,-0.0219671043805106
"Row1367",0.0258198889747161,-0.0279451111717038
"Row1368",0.0258198889747161,-0.0203710400839526
"Row1369",0.0258198889747161,-0.0199241099176702
"Row1370",0.0258198889747161,-0.0271966099039313
"Row1371",0.0258198889747161,-0.0212564644510691
"Row1372",0.0258198889747161,-0.0276301743541926
"Row1373",0.0258198889747161,-0.0332742670901815
"Row1374",0.0258198889747161,-0.0227721636623949
"Row1375",0.0258198889747161,-0.0253395121844398
"Row1376",0.0258198889747161,-0.0219157650982191
"Row1377",0.0258198889747161,-0.0277825237128044
"Row1378",0.0258198889747161,-0.0242404070210501
"Row1379",0.0258198889747161,-0.0132203900019513
"Row1380",0.0258198889747161,-0.027611558806438
"Row1381",0.0258198889747161,-0.0252286368409
"Row1382",0.0258198889747161,-0.0271865540822337
"Row1383",0.0258198889747161,-0.0342909553378168
"Row1384",0.0258198889747161,-0.0249670569762384
"Row1385",0.0258198889747161,-0.0265573597013306
"Row1386",0.0258198889747161,-0.0161798311914568
"Row1387",0.0258198889747161,-0.0248869077234276
"Row1388",0.0258198889747161,-0.0320660666581129
"Row1389",0.0258198889747161,-0.0259162245140131
"Row1390",0.0258198889747161,-0.0288758869386262
"Row1391",0.0258198889747161,-0.0279042289068172
"Row1392",0.0258198889747161,-0.0239004714419599
"Row1393",0.0258198889747161,-0.0267434421156188
"Row1394",0.0258198889747161,-0.0270920661617986
"Row1395",0.0258198889747161,-0.0288165503270287
"Row1396",0.0258198889747161,-0.0232614085783175
"Row1397",0.0258198889747161,-0.0284635864264648
"Row1398",0.0258198889747161,-0.0191168726244185
"Row1399",0.0258198889747161,-0.0251032565462756
"Row1400",0.0258198889747161,-0.0303435247623728
"Row1401",0.0258198889747161,-0.0233853309115562
"Row1402",0.0258198889747161,-0.020938996288723
"Row1403",0.0258198889747161,-0.0176725333792401
"Row1404",0.0258198889747161,-0.0248000079544389
"Row1405",0.0258198889747161,-0.0282861700660275
"Row1406",0.0258198889747161,-0.0208606814500437
"Row1407",0.0258198889747161,-0.0308343641083115
"Row1408",0.0258198889747161,-0.0223545222653577
"Row1409",0.0258198889747161,-0.0353065124111406
"Row1410",0.0258198889747161,-0.0271408830711542
"Row1411",0.0258198889747161,-0.0261312575308813
"Row1412",0.0258198889747161,-0.0241899106131514
"Row1413",0.0258198889747161,-0.0305729068327414
"Row1414",0.0258198889747161,-0.0187412857348505
"Row1415",0.0258198889747161,-0.0335810448662207
"Row1416",0.0258198889747161,-0.0248412491449914
"Row1417",0.0258198889747161,-0.0311697337442487
"Row1418",0.0258198889747161,-0.0316795396818771
"Row1419",0.0258198889747161,-0.0210150961119801
"Row1420",0.0258198889747161,-0.0225282947447191
"Row1421",0.0258198889747161,-0.0365660104946293
"Row1422",0.0258198889747161,-0.021234594791122
"Row1423",0.0258198889747161,-0.0186190362871244
"Row1424",0.0258198889747161,-0.033017684167314
"Row1425",0.0258198889747161,-0.0233978640326692
"Row1426",0.0258198889747161,-0.025456334071429
"Row1427",0.0258198889747161,-0.0243312821291435
"Row1428",0.0258198889747161,-0.025406083926609
"Row1429",0.0258198889747161,-0.0240533220164639
"Row1430",0.0258198889747161,-0.0209824938915179
"Row1431",0.0258198889747161,-0.028400678561671
"Row1432",0.0258198889747161,-0.031543053542583
"Row1433",0.0258198889747161,-0.0188014419362548
"Row1434",0.0258198889747161,-0.0284726756210133
"Row1435",0.0258198889747161,-0.0261719056806209
"Row1436",0.0258198889747161,-0.021091447178436
"Row1437",0.0258198889747161,-0.0318250853162361
"Row1438",0.0258198889747161,-0.0134247796850107
"Row1439",0.0258198889747161,-0.0229293088076292
"Row1440",0.0258198889747161,-0.0272781294988453
"Row1441",0.0258198889747161,-0.0330342113414137
"Row1442",0.0258198889747161,-0.0205860924542026
"Row1443",0.0258198889747161,-0.0257067637676907
"Row1444",0.0258198889747161,-0.0185560528294867
"Row1445",0.0258198889747161,-0.0235576705765266
"Row1446",0.0258198889747161,-0.0181850801493299
"Row1447",0.0258198889747161,-0.0293077404746709
"Row1448",0.0258198889747161,-0.0315609520142085
"Row1449",0.0258198889747161,-0.0311255200296351
"Row1450",0.0258198889747161,-0.0302163779319639
"Row1451",0.0258198889747161,-0.0224099797694778
"Row1452",0.0258198889747161,-0.0277107658085225
"Row1453",0.0258198889747161,-0.0242930296146663
"Row1454",0.0258198889747161,-0.0309314938897176
"Row1455",0.0258198889747161,-0.0344405749732274
"Row1456",0.0258198889747161,-0.0316145994389406
"Row1457",0.0258198889747161,-0.0138461889494654
"Row1458",0.0258198889747161,-0.0151169427928176
"Row1459",0.0258198889747161,-0.0394707525244204
"Row1460",0.0258198889747161,-0.0280688606561698
"Row1461",0.0258198889747161,-0.0266590359718129
"Row1462",0.0258198889747161,-0.0177897641764352
"Row1463",0.0258198889747161,-0.0235160425700873
"Row1464",0.0258198889747161,-0.0276329264644222
"Row1465",0.0258198889747161,-0.022135683771111
"Row1466",0.0258198889747161,-0.00952752347074775
"Row1467",0.0258198889747161,-0.0236859974455345
"Row1468",0.0258198889747161,-0.0277935239544062
"Row1469",0.0258198889747161,-0.0264690987151346
"Row1470",0.0258198889747161,-0.0244582636566311
"Row1471",0.0258198889747161,-0.0257955999858616
"Row1472",0.0258198889747161,-0.0339909012545622
"Row1473",0.0258198889747161,-0.0112806400571932
"Row1474",0.0258198889747161,-0.0309005639396069
"Row1475",0.0258198889747161,-0.0227131558062882
"Row1476",0.0258198889747161,-0.0184835970321795
"Row1477",0.0258198889747161,-0.0298183650485934
"Row1478",0.0258198889747161,-0.0200837511464426
"Row1479",0.0258198889747161,-0.0232791327174502
"Row1480",0.0258198889747161,-0.0187404878627913
"Row1481",0.0258198889747161,-0.0300510718407043
"Row1482",0.0258198889747161,-0.0255298143196901
"Row1483",0.0258198889747161,-0.0257361267591746
"Row1484",0.0258198889747161,-0.0246521781775644
"Row1485",0.0258198889747161,-0.0271108466418411
"Row1486",0.0258198889747161,-0.0249705369497934
"Row1487",0.0258198889747161,-0.018361180441923
"Row1488",0.0258198889747161,-0.0271308813114084
"Row1489",0.0258198889747161,-0.0343151272721004
"Row1490",0.0258198889747161,-0.0256373738789372
"Row1491",0.0258198889747161,-0.0312914843703218
"Row1492",0.0258198889747161,-0.0152112030165588
"Row1493",0.0258198889747161,-0.0290131521101186
"Row1494",0.0258198889747161,-0.0275058315546651
"Row1495",0.0258198889747161,-0.024240490241991
"Row1496",0.0258198889747161,-0.0315878018766474
"Row1497",0.0258198889747161,-0.0339375271976365
"Row1498",0.0258198889747161,-0.0374139039048992
"Row1499",0.0258198889747161,-0.0257403153182965
