"V1","V2","V3","V4","V5","V6","V7"
"Raw0",0.0151825768291502,0.112638511896254,-0.108339733701662,0.0137729424147767,-0.00779059929957645,0.0219690675326556,-0.00813592097233614
"Raw1",-0.0150197926945496,-0.0597607832082238,0.0582075036923096,-0.0465242946101404,0.0315723455607498,-0.00724750063819462,0.0193007031341342
"Raw2",0.00191072064583917,0.00364370214318274,0.00175281656577347,0.0277106689665267,-0.00203202056737612,-0.043276934793161,0.0562115082395734
"Raw3",-0.0882203616202252,-0.0323077307206962,0.000615648932575534,-0.0231676641199524,7.04645176821848e-05,0.0277368429389269,-0.0518082086106854
"Raw4",0.0755426435847251,0.00422065246695022,0.0215646566039687,0.0399989415949136,-0.025024007473565,0.0332417335392571,-0.0185172355458955
"Raw5",-0.0638637093590663,-0.0589781549106548,0.0494527284689058,0.013756322753598,0.00143617548307073,0.0110402396133063,0.0114178660531597
"Raw6",0.10827315614598,0.0466071168458927,-0.0100398039007786,-0.023902876173121,0.0404189657993331,0.0519426603646871,-0.0325456931709046
"Raw7",0.0210591485415667,-0.0838059275379954,0.088664258675648,0.00120388763662865,-0.00442211735662977,0.0627283186740063,-0.0643481612210698
"Raw8",-0.0506263487462818,0.0277331650124423,-0.0410571853747134,-0.136526077534438,0.102507392695063,0.0372623953579698,-0.0196061996960125
"Raw9",-0.044865218422077,-0.0052532336204948,-0.0156096801423728,-0.0387699141077786,0.0148511182271968,-0.0187783793116744,-0.0155343191340634
"Raw10",-0.00816183999689525,0.122112560048155,-0.12781571904028,0.0476813464153794,-0.0396361618055608,0.0163656201084314,-0.0287166944473233
"Raw11",-0.0523868610005951,-0.0324546202621825,0.0226050200229736,0.0379700886520852,-0.00347440385124403,-0.00128297188113454,-0.00167255158063469
"Raw12",-0.0408905233041555,-0.0140031284404915,0.0053720220959812,0.025836827672856,-0.0409510767199823,0.0339715213602995,-0.00258688923064007
"Raw13",-0.113862500064786,0.0604108829570397,-0.102696758411253,-0.00691237358989327,-0.00445319423436879,-0.0290287956076108,-0.0347993038865077
"Raw14",-0.015721047037257,0.0563050957717405,-0.0645438017223609,0.0265784849595369,-0.051010088773979,-0.0623455544648851,0.0624866242036272
"Raw15",-0.0175744482805073,-0.0525643088633688,0.0391611799909014,0.0699860317936567,-0.064433791610378,0.0847110919555586,-0.131488010725647
"Raw16",-0.0343695104252935,-0.00426659619344733,-0.0111883578777909,0.0343277493479608,-0.0460443550799919,-0.00633471125750764,-0.00914763561860807
"Raw17",-0.022368186241939,0.0322919976608532,-0.0367159560117872,-0.00645340905407251,0.0465309205526584,-0.0560675699541638,0.0327747562102087
"Raw18",-0.00676908220601056,0.0255082555601149,-0.0299195416041208,-0.0417011708210908,0.0485983152703354,-0.0934614215167207,0.0904717314653116
"Raw19",0.0258772417943893,0.0213871630702615,-0.0165891315283365,0.00420071163532758,0.00110775711082474,0.0696971612840916,-0.0777085983462072
"Raw20",-0.0612668982913885,-0.0122773742543388,-0.00333937025436683,0.0754578507831954,-0.0692776071490472,0.0462838682079603,-0.0459863715366038
"Raw21",0.0208877347766532,0.0640873979444475,-0.0566386354047087,-0.0499342496764667,0.0517989394352652,0.0102146901678111,-0.00620207086054828
"Raw22",0.0109531048404659,0.0518046804571469,-0.0478657794591754,0.0191834718229398,-0.0132593176395237,0.0496639469639745,-0.0313079432687749
"Raw23",0.0620876292506083,-0.0190819846880937,0.0414443066454732,0.00381990941748591,-0.00779641616797549,0.0298175974346816,-0.000491777878711085
"Raw24",0.0279753443742749,-0.0340964640303826,0.0387714771149903,9.5987466245294e-05,-0.0325044341335091,-0.00349610299023078,0.015699703569115
"Raw25",0.0286703223781472,-0.0244003389408659,0.0379940670394863,0.0808581459927038,-0.0527533694970747,-0.0717056864092437,0.0879479503859653
"Raw26",-0.00861727282254471,0.0058351429263821,-0.0088970916016861,-0.03121424913054,0.0301538877771698,0.0973137870756813,-0.114878156356487
"Raw27",-0.0191716597177727,-0.0225046901827983,0.0232165627397996,-0.00921786892169797,0.014805781539213,0.0643351581830717,-0.0273819594691164
"Raw28",0.00492537167966074,0.0321135250361059,-0.0223318582450199,-0.0294664844306079,0.0538264806816102,0.0040504659867765,0.0142161721379951
"Raw29",-0.0256086254122418,0.0590051397193133,-0.0683010149625084,-0.0129170517065507,0.00324720581917304,-0.00174940086533714,-0.00253790563279189
"Raw30",-0.012881382761483,-0.0580426142808186,0.0490328976252417,-0.0328880800506532,0.0150180943583994,-0.0120107267888574,-0.0266339067201137
"Raw31",-0.0503119333593346,0.0395272782857767,-0.0595936178765344,0.0459498486949436,-0.0393770237024054,-0.0274307999959253,-0.0192824658161949
"Raw32",-0.00718111123783362,-0.0500696028374575,0.0471481614815298,-0.109567954794141,0.103165420075204,0.0117467643021189,-0.0227264717003055
"Raw33",-0.0772534677027361,-0.0215308159495869,-0.00647743404244786,0.0461131833362952,-0.057186460321833,0.0147532351804995,-0.0328106343732321
"Raw34",0.00432432383393245,0.00356211602039885,0.00609763130985832,-0.013358492122362,0.0392334995136052,0.00176085735955282,0.0163930450575231
"Raw35",0.00820906539710651,-0.0174629870061572,0.0231298724954286,-0.0364720401248869,0.0280401973137904,-0.0115679423742776,0.0207422607892272
"Raw36",0.00116335989037759,-0.00272253099146144,0.0107839714085889,-0.0830288633681322,0.118465313483131,-0.0224717634150544,0.00389263824438522
"Raw37",-0.0313400257493303,0.0127542429590114,-0.0254179476545938,-0.0217739953990207,0.00549916891048466,-0.0254632700057023,0.0312768164705497
"Raw38",0.0190774155283567,0.0549955895020039,-0.0546611023362296,0.0265359434516378,-0.0496269827106554,0.00285085339993955,-0.00240777036145989
"Raw39",-0.0163028314809241,0.0143251806975678,-0.0245335684048952,-0.0189568941537746,-0.019484245888212,0.026139600302508,-0.0131773454104701
"Raw40",-0.0688033992314959,0.0366121795181993,-0.0596317212740269,-0.0182827117520973,0.00766968279948424,0.0274742230579866,-0.0429221153651014
"Raw41",0.030828267841555,-0.0522106878785388,0.0624971938753306,-0.0454916502258072,0.0621826009515296,0.00278152754042761,-0.0125746829518276
"Raw42",-0.0898013026057176,0.0114671710080104,-0.0415527958682411,0.03398928220694,-0.0498146283605339,-0.0200762730992035,0.00119420771883171
"Raw43",0.0432903942816848,0.0834561002020912,-0.0697444788775347,-0.00704987612706623,0.00809308974513387,-0.0206483518940356,0.0356328950532478
"Raw44",0.0637049046709588,0.0266875578680574,0.0035294014932174,-0.0304790748064978,0.0742308214690834,-0.0203003689447297,0.0444363614561632
"Raw45",-0.00875449169711736,0.0171464316908494,-0.00806566866282668,0.00291709192561892,0.0274267501221581,0.0243070645376391,0.000672483104253753
"Raw46",0.0324217674823922,0.0282178066556171,-0.0113373578476685,0.0222370915971443,0.00224839382292134,0.080314060007534,-0.0590620619635478
"Raw47",0.113848421640035,0.0925344422929539,-0.0563667157057575,0.06474131886665,-0.0300580880294484,0.0482106988499948,-0.0378815998292031
"Raw48",0.0200755355257297,-0.0269019427210799,0.0298543744312969,0.0316504413276789,-0.0348200621967036,0.0582360669849106,-0.0743232818677437
"Raw49",0.0206809825660525,0.0233739612484901,-0.0201022959115582,0.045804847701149,-0.0399145882796076,0.00182462801156812,-0.0162183670111097
"Raw50",-0.053657715447995,0.0466873551503007,-0.0670534174484055,0.0685074221923564,-0.0806746478248273,0.0202880413982826,-0.0335389448610656
"Raw51",-0.00837252839566954,-0.0117273448989933,0.0101181351856273,-0.00632618582898936,0.00604951886798855,0.0416759260645815,-0.0400704128826249
"Raw52",-0.0706148491466751,-0.00370088605287387,-0.0162614606632296,0.0337677545526183,-0.0251186958266544,0.0453244954415531,-0.0174973046638638
"Raw53",-0.0504046369267489,-0.0262533973061969,0.0103931529013492,0.00486296468447384,-0.0282850445337704,-0.0074809268325393,0.00430888563098699
"Raw54",-0.0428085581072605,0.0426363489849947,-0.056395729601752,0.0254364878394464,-0.018840868429482,-0.00512989904318869,0.00976656996770007
"Raw55",0.0117830731599735,0.0234273287387425,-0.0162988866306535,-0.0204909533360291,0.017717275538329,-0.0270321659296853,0.03989419239987
"Raw56",-0.01801298122481,0.0430396783333452,-0.0539899780338025,-0.0202186022183369,0.00556282196388106,0.0863021679483184,-0.0994004893033825
"Raw57",0.0766488002033074,0.0297954204536774,-0.00166917973505309,-0.022533848274771,0.0362744142451747,0.0338907465826246,-0.00346973951897901
"Raw58",0.0166600658545927,-0.0104837945457109,0.0164455852537982,-0.00748324423872113,0.00246033480087802,-0.0309490682076884,0.0359967174267938
"Raw59",-0.0232779222066936,0.052829527829442,-0.0617335870571084,0.0148119679312497,-0.0351251986654253,0.0401324134842277,-0.0364755997444187
"Raw60",-0.0222381248846108,-0.0380117324648004,0.0312453404771654,-0.0712635606745299,0.0585589124784619,-0.0501125577010654,0.0566446140363287
"Raw61",0.046572892014406,-0.0133206412251882,0.0276741357496022,-0.0218499337287666,-0.0105672701344668,-0.00436174169258762,0.0408319202539577
"Raw62",-0.00805404697091293,-0.0104115652815148,0.00559461362894722,0.0359007184969322,-0.0555862734844355,0.0170761600507008,-0.0071568771348521
"Raw63",0.0140325006597567,-0.0206252432514334,0.0275208380216767,-0.026980160474352,0.028157876160381,0.0189950007769407,-0.00783782194585371
"Raw64",0.0374096784770313,-0.00298771760111304,0.0120486269608791,0.0421141917535513,-0.0399851506224518,-0.00967476945537278,0.0141656914045459
"Raw65",-0.0154499487641308,-0.00832642560532393,0.00247542573288073,-0.0441393484971103,0.0270322602087392,0.0659307425791868,-0.073896466190854
"Raw66",-0.00150566261324517,0.06700822667998,-0.0709843368436783,-0.011418227900952,0.00184764893977524,0.0562708314242596,-0.0378663877807657
"Raw67",0.0259682816752454,0.109611193925145,-0.0978541284238438,-0.0246132432921278,0.0350726414941952,-0.0667928073944177,0.0653763560302113
"Raw68",0.0328248962977745,0.0418451605413839,-0.0456098995939292,0.0401208384324143,-0.0823781682123165,-0.0880929116961693,0.071498677574699
"Raw69",-0.0664617890785582,-0.0301401600730525,0.0149096553839357,-0.0846495674067764,0.0927965355587586,0.0485661288849318,-0.0627114287292848
"Raw70",-0.0943857175035295,-0.0775856993938395,0.0399567764854543,-0.0558180164642439,0.0160575823448046,-0.0436869258353978,0.0147056498802748
"Raw71",-0.048919129801022,0.0177691366956149,-0.0370412635010909,0.00707351950258913,-0.00619283390389158,-0.0563303197823195,0.0297748549233196
"Raw72",-0.0446088644217579,0.0178354400601674,-0.0378726655988878,0.000468690907646854,-0.0207661936101073,-0.058400765718578,0.0563908335166634
"Raw73",0.0773951935159351,-0.00035007451397473,0.0229817500661711,-0.0494212194949932,0.0515466650797786,-0.00907705385477837,0.00351213880054309
"Raw74",0.00268350326355311,0.0347721350014964,-0.0291874806354629,-0.0430522064929141,0.0503937733823751,-0.0305807161074259,0.038401205817125
"Raw75",-0.0592581293753104,-0.109888613915274,0.0940029200701418,0.0348235198791379,-0.0438929552619768,-0.064308891147186,0.0565253794288443
"Raw76",0.00539508746335824,-0.0300469644292016,0.0223048822395355,0.0420906940137556,-0.044939549072021,0.0290323296665052,-0.067940931004384
"Raw77",0.0061180675491469,0.046097560800694,-0.0425529155587127,-0.058908618965158,0.054965249739045,0.000970268764540998,0.00520645441145632
"Raw78",-0.0151885725897829,-0.000528426718179378,-0.00718924009281221,0.0486424933635788,-0.0678555523886834,-0.0680776192564192,0.0557416431498716
"Raw79",0.0726414863299508,-0.0208969405346183,0.0462141363429616,-0.013779896647117,0.00735361476838234,-0.0370618187096065,0.0640846123393786
"Raw80",0.0341525419853833,-0.00650434567743299,0.0224591707786109,0.070193291584544,-0.0408568729110956,-0.0341580132472635,0.0375770401020239
"Raw81",-0.00384564317541636,0.0200437875283126,-0.0165934110991763,0.029919081356407,-0.0197847025183609,0.0603315507874491,-0.0327905091891012
"Raw82",0.022218714047729,-0.0452179633870984,0.049824340392439,0.00690833929778817,-0.029325101060694,0.0470226513748541,-0.0275156404173228
"Raw83",0.036468961237834,0.0199732386024727,-0.00244573314814479,0.093880692474426,-0.0790410192438684,0.0176104433374972,0.0103876558610232
"Raw84",-0.03939591209002,0.0364027095255448,-0.0507328391172906,0.0274249104673915,-0.0408878504013469,-0.0517457581888398,0.0704893545616624
"Raw85",-0.00380316851936291,-0.0581207555003578,0.0428073947304358,0.00770669872526835,-0.0474845964658048,0.0112331859809803,-0.0189669958378336
"Raw86",-0.0375971020986342,-0.0244331371311532,0.0170236671671145,-0.0109492426129305,0.00241963830718785,0.0214762435246439,-0.000262590920279005
"Raw87",-0.0484823398756341,0.0385107230630313,-0.0473152507328038,-0.00910376389101217,-0.0118476361823961,0.0441553636546419,-0.00704663708715225
"Raw88",-0.0183770434074179,-0.000271810859947872,-0.00363867165980985,-0.0503516937582002,0.0382232572716203,-0.0218213891012382,0.0245140796528309
"Raw89",0.0617785503104624,0.0246476993676491,-0.00651381146901322,-0.0114512397539934,0.0140006172686915,0.057642032753651,-0.0387915767781773
"Raw90",0.0301053714760764,0.021864320991182,-0.0114808977373246,-0.0151078624211076,-0.00163990944161532,-0.0289774577250803,0.0532008356015874
"Raw91",-0.0220421828898691,-0.0107057657320924,-0.00433968443635819,0.0528189804298779,-0.0705656862276211,-0.0276313756574165,0.0214100015196597
"Raw92",-0.00417102649618054,-0.0339136537245167,0.0317521488701917,0.0525799877917468,-0.0607220602625541,0.0359393506737891,-0.0421184756475693
"Raw93",-0.00507949260307066,-0.011592741044678,0.00991572943607304,0.00782886395102846,0.0115421591440491,0.0392684027273804,-0.0575736144411758
"Raw94",0.037621642095883,0.0153096374607073,-0.00697132659555732,0.0132126585020807,0.00767181746952428,0.0136364976084533,-0.0400662028245066
"Raw95",-0.0135472049950927,0.048135406497896,-0.0459638447994096,0.0199869390555961,-0.00473799237286699,0.0219742167683988,-0.00195407310143648
"Raw96",0.00835452398597651,-0.0521661505671363,0.0596403825436856,-0.0797367353420194,0.0701731694279703,0.0299525066116497,-0.00431703218107091
"Raw97",-0.0263942764499528,0.0409831982659902,-0.0484571962199991,-0.0455993918982037,0.0481176344106282,-0.0500910999929971,0.0341742474554074
"Raw98",-0.0128439166750818,0.0363362641587229,-0.0328025795959933,-0.0127050441452808,0.047805892807545,-0.004146904439844,-0.00544931790978722
"Raw99",0.00672244857338968,-0.0091956637677762,0.00314049681704754,0.0708451889834779,-0.0905494312356335,-0.0115909786009596,0.0196848253759637
"Raw100",-0.0323258198316483,-0.0248473069038849,0.0126724357629509,-0.00551846840075101,-0.0093785222599654,-0.0271372576282146,0.0130050824637517
"Raw101",-0.0073900920013234,0.0288863893700042,-0.036251322324434,0.0304620767890219,-0.0606343881651462,-0.0126848824189871,0.00110220383761472
"Raw102",0.045180068463103,0.028836240343309,-0.00909723328700523,-0.0648442511625332,0.0918723512239601,0.0348549209221028,-0.0215483894820304
"Raw103",-0.00379857649367421,0.0246945318780847,-0.0320330645438826,0.00794937420264426,-0.0219991974859117,-0.0689207732326347,0.0515723207964404
"Raw104",-0.0614725759565611,-0.0206261313802407,-0.00329733189704703,-0.0188144647334913,0.0131282422285943,-0.0715343298701859,0.0324442346237847
"Raw105",-0.00394585942254693,0.00870841994926002,-0.00788554519776985,-0.00683446400301139,0.00125336606424722,-0.000602312045937834,0.024862081622429
"Raw106",0.0979559060804577,-0.029737515650389,0.0577440114420822,0.0015567148238756,0.00192850019137358,0.0119997590629828,-0.00363789180729677
"Raw107",-0.0266502838731928,-0.0884860186825403,0.0789457056098351,0.0306229674916035,-0.0469822562157067,-0.0365723046378905,0.0632362490225354
"Raw108",-0.0320594717230947,-0.0256309085020849,0.0171148505991521,-0.0175133512191154,-0.00700940206847188,0.00673878208917903,0.0171936085018263
"Raw109",0.0441149172683037,-0.00637966718323199,0.0226193565304442,-0.118428130190751,0.127128758461926,0.00210834570286851,0.0121047971240343
"Raw110",-0.09151819162752,-0.0674293562529301,0.0372653104512995,0.0157876478590591,-0.0426686072611151,0.0114571127957603,0.00228576071232295
"Raw111",-0.0289294481062486,0.0498864732220746,-0.0584803018629945,0.0748272586237822,-0.0718017641853119,0.0233057436779788,-0.0186437461148316
"Raw112",0.0177327631197093,0.024269868454046,-0.0276981208923815,-0.0417034669298535,0.0238548460566606,0.0611195873850197,-0.0862887354487504
"Raw113",-0.0465294739854304,-0.0102063574882393,-0.00454475783561322,0.0234285368717066,-0.0253105975921985,-0.0464812668898134,0.0385493839807799
"Raw114",-0.0137970210146263,-0.00676759008265605,0.000607145534077398,-0.0772109015305397,0.0469584605800862,-0.0999655797831159,0.11645666169618
"Raw115",-0.0641541091741164,-0.0526824584352879,0.0343212106545546,-0.0373901377008155,0.0208229612613054,-0.0405330247491721,0.0432714854317408
"Raw116",0.00809601513193969,-0.00726147528277637,0.0102028566399225,-0.021164494367217,0.0223877271516758,-0.0493137384392491,0.0593437342723096
"Raw117",-0.0934720631709604,-0.00532305004064341,-0.0154522019243943,0.0117195531248762,-0.00189065512109766,-0.0248240508008898,0.0326479358361571
"Raw118",-0.00697129240620477,0.000558660638016414,-0.0103528416216826,-0.0356224732783676,-0.00512695179479581,-0.0326509594148875,0.0188253486204278
"Raw119",0.0377997997978121,0.00219845667761264,0.00865668536215803,-0.0314858598141892,0.0327292507331144,0.0184498404521839,-0.00834698806299309
"Raw120",-0.0293306314949481,0.0320711104327309,-0.0364971429740209,-0.0324109979409527,0.0245093309605024,0.0192499511307307,0.000851677767213641
"Raw121",-0.0281580174875998,0.00604335945824011,-0.0124376594397125,0.00665409428714021,0.0111241275630925,-0.0294641113017343,0.0240526703339871
"Raw122",0.044158615973967,0.0300046791324742,-0.0138557707948824,0.0335407519360315,-0.0364545660548926,-0.00576410685140341,0.0489776440835159
"Raw123",0.0797962432112076,0.0355315405387052,-0.0171443054257014,0.0144038657787172,-0.0322456844619518,0.0863839944010504,-0.0977585394334166
"Raw124",-0.0322134083491962,-0.0461931967070365,0.0409867651816338,0.0772095787991787,-0.0491556013109478,0.0314144692766549,-0.0385772350909772
"Raw125",-0.0143888394065897,0.0458953117453764,-0.0522543353012106,-0.0567382348190397,0.0214970002658701,0.0101993046646974,0.00840960794505608
"Raw126",0.0390798528516055,0.0286107436484082,-0.0265295011042028,-0.0661754959427247,0.0338056039421623,-0.0451970516101824,0.0142759849603476
"Raw127",0.0194742481461424,0.0134290909101766,-0.00424568118735565,0.0129376503982503,-0.00576224680995815,0.0108014992141089,0.0109072197122736
"Raw128",-0.0199791422078054,-0.0146472930582733,0.0095701500946324,-0.0560362781938266,0.078325747702423,-0.0951870976663542,0.0763347509883833
"Raw129",0.0618322895115786,0.0132564158971051,0.00438064199332667,-0.0109795858041389,0.0219366495998828,-0.0630524100065166,0.0501665158712402
"Raw130",0.00794024870330242,0.00977642582073937,-0.00157299559022696,-0.0676085226825386,0.0774729421199344,-0.0568067516259632,0.0843887592328958
"Raw131",-0.0793574518239544,-0.00455928565922908,-0.0228423018498512,0.0799074546513617,-0.103310157954315,0.0266292827757213,-0.00943760733397055
"Raw132",-0.0259703738694471,-0.0422964750565246,0.0367794200267999,0.0104841823297275,0.00390408581430211,-0.022468708630442,0.00674059205448576
"Raw133",-0.0201629311140128,0.0634884218244969,-0.0751418849249857,-0.0220679945441582,0.0254971418747207,-0.0666024862822677,0.0297940867064418
"Raw134",0.0397158866416381,0.00715840954893149,0.00326593496924203,-0.0393185161242715,0.0333062489007735,0.0288483319140292,-0.0253786093686659
"Raw135",0.0103123408963358,-0.0251967186463727,0.0256172468611768,0.0468183813293829,-0.0265050576751872,0.0526259686573253,-0.0685925282420107
"Raw136",0.0633824041455134,0.00751514311128319,0.0178984312557776,-0.00424741165767202,0.0223732941974862,0.0368055616792843,-0.00556139559585531
"Raw137",-0.0131159676327957,-0.0211565117648866,0.0258574701273246,0.0121601382322402,0.0168007195396721,-0.0256541287028369,0.0438208389064942
"Raw138",-0.020566806057904,0.0370675238948856,-0.0447586672999164,-0.0154466281427317,-0.00939131210609671,-0.00833390185498585,0.0159783344735451
"Raw139",-0.0455322212295365,0.0300966061868417,-0.0490208867537843,-0.082022917295261,0.0641716898864761,-0.020117546899372,-0.0131285390610079
"Raw140",-0.00674910200420912,0.00183116817475468,-0.00117728192309483,-0.0238354194032861,0.0224063470462919,0.020603227613515,-0.0257186256780316
"Raw141",0.0525128110750818,-0.0823082152160465,0.103592618429679,0.0454598080126869,-0.0577088028296958,-0.0012893913786023,0.053861336164528
"Raw142",0.075415401582921,0.0181209073252564,0.00719898704241307,-0.0684747851764673,0.0863319402054661,-0.03702925624539,0.0254772911665636
"Raw143",0.0498999517327461,0.00217842903147131,0.0110572971639046,-0.0430975713761726,0.0399205450980336,0.0229991067634861,-0.0169911854194728
"Raw144",0.047298956033129,-0.0105599858808359,0.0263631340543028,-0.0179067651814313,0.0169853048748159,-0.0445619947387385,0.0471887084538556
"Raw145",-0.0628809498625137,0.0540217568284482,-0.0706832361601414,-0.0079601566641171,-0.00637169921531642,0.0170172581866222,0.0156554092361135
"Raw146",0.0101087364160004,-0.00780937268310855,0.0104107756274391,-0.00217884243339288,0.00334072692550317,0.0500608210023851,-0.0304110740928741
"Raw147",0.0558615245087203,-0.0194120251569984,0.0326534348214609,0.0737004479775142,-0.0729239504134011,0.000362835713523515,0.0044978819865046
"Raw148",0.0114853031260182,0.00518679370794304,-0.00274954898308969,-0.0258818641481253,0.0245828788067473,-0.0485662282476461,0.0485838154372994
"Raw149",0.0516844306612694,-0.0263930037999392,0.048118372326992,0.0425027442148797,-0.0490461858259385,0.00206173650680659,0.0314572696767087
"Raw150",0.00226037862654476,-0.0668160137757531,0.0614732579460331,-0.0379549223908,0.00782507487042533,0.0279839216799853,-0.0435467114891748
"Raw151",-0.0952963549974936,-0.0408170035482302,0.0156911832449144,0.0228928921026733,-0.00385270538662227,-0.0417144256000244,0.0289210894135802
"Raw152",0.000805347876371764,0.0385050445372031,-0.0404501117173806,0.074482208092533,-0.0857513752775144,0.0327420801180604,-0.0104351340921148
"Raw153",0.0133213814407347,0.0815553381490194,-0.0854044446147376,-0.0682492256321517,0.0331293001460292,-0.0283512389271086,0.01393021150684
"Raw154",0.000456178884427869,0.0128318694353238,-0.0211751711386025,0.0961986010452174,-0.103651768436472,-0.0421745487716407,0.0152505361076267
"Raw155",-0.0287140618838734,-0.000536627075957015,-0.00395869838780649,6.86308138238674e-05,-0.0144199740803014,0.0733143219252651,-0.0325665591707741
"Raw156",-0.0149055963250015,0.00518024490405517,-0.00828406800203921,-0.00391598064116251,0.00488260683512299,0.00230954818589486,0.00823323524287613
"Raw157",0.052011207128812,-0.0651783540590603,0.0819177745243039,0.0133769099069208,-0.0134095089208765,-0.0207666817085188,0.0376818869819063
"Raw158",-0.0271355738368122,0.00796150648386872,-0.0177526682761057,0.00469084926202969,-0.0153276506180399,-0.029203364481182,0.0149250344065661
"Raw159",-0.0878732944564987,-0.0366390326642888,0.00306113362464905,-0.028147745100058,-0.00329672239834843,-0.0401048197512173,0.0268077183004332
"Raw160",0.0167015823477114,-0.00958619296966526,0.0185425271738669,-0.045566235229457,0.059037242127842,0.0419754131652673,-0.0296760834897951
"Raw161",-0.0416805395982046,-0.0403097259643607,0.0252773242628973,0.0302691905050047,-0.0297542415481879,-0.045502575735624,0.0474176733951549
"Raw162",0.010166196048434,-0.00652437914371175,0.00744391168558949,-0.0577108189798512,0.049550377290942,-0.0242176645678263,0.0220320409229644
"Raw163",-0.0293853482434007,0.0121630138301791,-0.016601620053606,-0.058368908444597,0.0639308947115414,0.0909464974948666,-0.0925736094152394
"Raw164",-0.0339388901025638,0.027108602928278,-0.0436541711895492,0.0223395601969778,-0.0427767398276707,0.0689998151050686,-0.0808210856237234
"Raw165",0.0118477756895364,0.0152233387882934,-0.00827050886642747,0.0433933659690739,-0.0161103297437887,0.0541570829078783,-0.0373654734492218
"Raw166",-0.00759292889632528,0.066462859379823,-0.070194528795244,-0.00303139885496562,-0.00398172526452318,0.119822731582359,-0.109163767456611
"Raw167",-0.0117894247790891,-0.0348960189819303,0.0209325834935159,0.0271692575372023,-0.0651035801777002,-0.00993533384795828,-0.00625348479493132
"Raw168",0.02198472864577,0.0856030670661458,-0.0867688719358871,-0.00655067550525281,-0.0247911741457668,0.00877752902062441,-0.00251192944974093
"Raw169",-0.0757354404911785,-0.0247637070811089,0.0130696520982521,-0.0889879925636347,0.108243587518304,0.0252011363763156,-0.0227789160806958
"Raw170",-0.0657478259667558,0.0452711704550698,-0.0602311827210905,0.0930482695015881,-0.0759552159556985,0.0904061377255137,-0.0915971932292361
"Raw171",0.048620630081254,-0.0128623418741862,0.0232250062495298,-0.0337986566632898,0.0176725993880201,-0.0149388813240285,0.00136196865959294
"Raw172",0.112975681150102,0.0524496225605567,-0.0226496799925812,-0.0129047631361031,0.00262694593061062,-0.00686077543546564,0.0294202323338036
"Raw173",-0.0236260869883426,0.0241205863057891,-0.027551542838195,-0.00183551782734533,0.0114252764873871,0.0210692217465074,-0.0151530379678883
"Raw174",0.07622613100929,-0.00979137593815285,0.037072386455901,-0.0126480937856803,0.0454794755035114,-0.0630196739446869,0.0607340224082199
"Raw175",0.0285256815448897,-0.0190218118964114,0.0300330084686002,0.00814939613483555,0.01140812231996,-0.00869107963519941,0.0121300349239592
"Raw176",0.0601771245879298,0.0236633705431119,-0.00389157285329259,-0.000609944560618376,-0.00610873713373967,0.0069806305435856,0.0265288233792179
"Raw177",-0.0848788696891403,0.0212862123007868,-0.0544196449886043,-0.0315023786795008,0.00555046938666656,-0.045489590855624,0.0113899139836877
"Raw178",0.0527693742775688,0.0161841105717583,0.000880708594073809,0.041358432676619,-0.0241439536485417,-0.0139786938289166,0.00350456259059635
"Raw179",0.0385770689663835,-0.0295433436737613,0.0422458437849581,0.0385649192177671,-0.0142079648838043,-0.0539877071590968,0.0483680610933294
"Raw180",-0.0584187821420284,-0.0248488672284291,0.0116674116452916,0.0437769376749698,-0.0393720676782026,-0.0445825720150632,0.0329602514744781
"Raw181",0.0408229591436825,-0.022022663837751,0.0412173693491691,-0.0250704647940975,0.0179455678510531,0.00709435460752531,0.0137004197069325
"Raw182",0.041017920459729,0.0235146459298834,-0.00606328332192538,0.0172442007680604,-0.00480948984159848,0.0310127996031149,-0.0219371970002397
"Raw183",0.0273900332820834,0.0354153975429413,-0.0266570175864388,-0.021866828223268,0.00394885263524473,0.0437994627525833,-0.024668569537619
"Raw184",0.0225672465423071,-0.0374791317127271,0.0465110598050149,-0.0114868640985232,0.0113124168850463,0.00392256575361248,0.01007092757919
"Raw185",0.0048625445540732,0.000703049209095434,-0.000853742293158359,0.0700146757013234,-0.0367649481555408,-0.0488414686657732,0.0320045213032175
"Raw186",0.0118418930242302,0.0467075624836483,-0.0411980426081044,-0.00339138253402955,0.0128056143108439,0.0279943907351577,-0.0150416007692368
"Raw187",0.0474419719561006,-0.0506331294935906,0.0639022325183528,0.0396798181603085,-0.0494363275315041,0.0061328727169426,0.00736220415837565
"Raw188",-0.0296085262512038,0.0519111965525605,-0.0646510974578816,0.0199005027325398,-0.0201736881458333,-0.0322038438668701,0.016351532867933
"Raw189",-0.00652812354266579,-0.0496079827407095,0.0452427446771269,0.00218602423239392,-0.0283411481445567,-0.0317784976950021,0.0405611181640907
"Raw190",0.0100291904204051,0.03123559736869,-0.0316733452927663,-0.0543661869504439,0.0274613751789396,0.0816674092264968,-0.0628884859287301
"Raw191",0.00992715109268624,0.0279100107154212,-0.025517450635996,0.0455638192829463,-0.0341646939705319,-0.0125709663428378,-0.00323227166281828
"Raw192",0.0626891216699726,0.0523090630848092,-0.0405271788446916,-0.0256072898239683,0.0126828959893318,-0.00252839818991453,-0.0319337350496267
"Raw193",0.0529857822891671,0.0425877259735322,-0.0337573783679953,0.057787850242871,-0.0519948323616551,0.0712659937323502,-0.0950936691977063
"Raw194",0.0694504576498908,0.00400904347152386,0.0232479663812628,0.0331023929486379,-0.0104370701720148,0.000686990340543782,0.02017466222502
"Raw195",-0.0338367482589377,-0.0577841881776402,0.053963366975443,0.0100824902000183,0.00835394051305273,0.0330003761801187,-0.00818577171005557
"Raw196",0.0478598377303651,-0.0320360012561754,0.0453743728504075,-0.0501616638054859,0.0320250520804763,0.0560671253247216,-0.0448665737409123
"Raw197",-0.000396380794265487,0.0442898182934801,-0.0442731288283349,-0.041535867336075,0.0429035676693854,0.0510467733626819,-0.0412377047828164
"Raw198",0.0841652125913053,-0.000257106766223292,0.0266171899530391,0.0618775743976393,-0.0467172970856191,-0.0061712485583582,0.0159449677249585
"Raw199",0.0500201193173788,-0.00919032020435475,0.0189305397121171,0.0280151576277827,-0.0429327934227744,0.0281613728916851,-0.0340051261542857
"Raw200",-0.071939719721748,0.0249537082723739,-0.051407746423871,0.0370900115364374,-0.0490194100466072,0.04214106550091,-0.0821232263271439
"Raw201",0.011125321270057,0.0818114861647647,-0.0710399172191112,-0.0407744361790457,0.0605335347753819,0.067920244849267,-0.0280217378663509
"Raw202",0.0140688245950844,-0.0300887859939614,0.0337174567582822,0.0355768088606964,-0.0214869872943483,0.0555924857064049,-0.0685114636455166
"Raw203",0.0785305438400948,0.0699527167739924,-0.0486983291558246,0.00967083393831801,-0.00333920872921452,-0.00975584212186922,0.00492966038568055
"Raw204",0.0103934399726827,-0.0952086755866173,0.0998637354139223,-0.138142748697645,0.139340978436924,0.0212124937483367,-0.0377912476679221
"Raw205",-0.0313480583228251,-0.0770845961600935,0.0712491922586259,0.0688271140363761,-0.0581134578471845,0.0344796265392692,-0.0304597257599581
"Raw206",-0.0422568683659428,-0.0378822575940338,0.0337367889520369,-0.0172481189691381,0.0397700806070213,-0.0605977951217787,0.0705627468759744
"Raw207",0.0667101550329701,-0.0572593228624214,0.0856803292276138,0.013397826951048,0.0252552489371318,0.00794809025354003,0.0198902551902252
"Raw208",-0.0305753826539604,-0.028439159934938,0.0224421668533793,-0.0468167589517817,0.0535688133384604,-0.0669012575190089,0.0682809064260128
"Raw209",0.00146654856138153,0.0539009690378509,-0.0614026773545973,-0.0287534740989948,-0.0156041692442182,0.0434496729040635,-0.0248991687430564
"Raw210",-0.00239176740912461,-0.00919829538562275,0.00833995601915341,0.0246040546881722,-0.0149694772664014,-0.0139725080139906,0.000685076741698088
"Raw211",-0.0347160753401257,-0.0135321568084426,0.00750788964014391,0.0419484536466276,-0.0128534978088917,0.0055912558791246,-0.0131217848143365
"Raw212",0.0277154736049542,0.0299647242380593,-0.0194604884046584,0.00547402286850588,-0.0190995379380578,-0.00284404466051488,0.0333491074824807
"Raw213",-0.0394664933031015,-0.0517626431530542,0.0377905539883948,-0.010034084363773,-0.0121750656366404,-0.0537996144641149,0.0314785516771308
"Raw214",-0.0393050277345334,-0.066328281572595,0.0531841928349755,-0.0295660002510553,0.0163151767348351,-0.044051019551927,0.0451617014714928
"Raw215",-0.0380027086458042,0.100181294813375,-0.112088110426275,-0.00682504501524067,0.00478771631889947,-0.03900563652775,0.0337637577604976
"Raw216",0.00933895180660852,0.00950921983477916,-0.0114346364945528,-0.0366804721395399,0.0148503581350683,0.0402507220270286,-0.0659065734789648
"Raw217",-0.0114992771463449,-0.050743641648663,0.0409010426549704,-0.0606709280275683,0.0406147961300399,0.00676933187389622,-0.0271998790136896
"Raw218",0.104821782549433,-0.00640727093759378,0.0360122223772341,0.0536212344478259,-0.0504158689507791,0.00361617805551692,0.0211644045460033
"Raw219",0.0253188270051084,0.0271291067310773,-0.0174522807137983,0.0536528328136861,-0.0321721175190548,-0.0420953559904607,0.0341646909032768
"Raw220",0.0561792118005455,0.074447542544281,-0.0546553804070161,0.104850223247567,-0.0837264368400166,0.0914524541152756,-0.0805056013382759
"Raw221",-0.02192980577687,0.0520616635171846,-0.058954254089955,-0.0299227953538701,0.027181862717217,0.0169826622073531,-0.0205101172704253
"Raw222",0.071796678046121,0.024416332088306,0.00137513776835793,-0.0317010622665397,0.0267759167905352,0.0339162949488421,0.0120843302831802
"Raw223",-0.056549126494948,0.0417393401387901,-0.061629790690575,0.0428083044076894,-0.0543885812766875,0.046651608800285,-0.048592921997685
"Raw224",-0.0451789826938113,0.0235694991373922,-0.0378651669868334,0.00351623462627752,0.0257902091240882,-0.0130562737285459,-0.0150784907375882
"Raw225",0.111791418987807,0.0621104161561723,-0.0288294642755722,0.0512927487520403,-0.0453499406074802,0.0146127985863455,0.0118306507141253
"Raw226",0.0367607930780426,-0.0504929511694271,0.0649772199182362,0.0253971674482055,-0.00917774248876355,0.00391156390721981,-0.0050403422696154
"Raw227",-0.0210937750011526,-0.0263240592131807,0.0182699114391551,-0.0681946232890228,0.0538047485879009,0.0771110742317325,-0.083656165509693
"Raw228",-0.0208807972154098,-0.0336345676489485,0.0296999301512713,-0.0334508273963494,0.0272934009885891,-0.00100404345547717,0.0128263489065489
"Raw229",0.0404721797778919,-0.0335206395267431,0.0534186808478553,0.0716396647955062,-0.0568101425634407,-0.0503336622100571,0.0957245796090627
"Raw230",0.00257338743886225,0.0196825444091044,-0.0219158322139897,-0.029700561461949,0.0271817684957457,0.0545810459622361,-0.0686936821069352
"Raw231",0.010858318222884,0.0225750796461408,-0.0188500405509321,0.0149014894329027,-0.00545466027056284,-0.0527164229253214,0.0367004252744625
"Raw232",0.0428494316847974,0.00936673720321844,-0.00268076204511233,-0.0533328198669001,0.0509672185142943,-0.0980785642686923,0.0659051180166281
"Raw233",0.0330513298986729,0.04016675003587,-0.0343768180326476,-0.0496274494625964,0.0188980052575169,-0.0130296714532688,0.0173584923963148
"Raw234",0.060096978234027,0.0350636065094165,-0.0020564206696342,0.0128245322401589,0.0429416688598913,-0.00595034290982834,0.0201375135644664
"Raw235",-0.0235258704210517,-0.0533061924770899,0.0460875199485585,0.0177352685670716,-0.0158589096737146,0.0115974882891211,-0.0322589006105421
"Raw236",-9.77071514379402e-05,-0.0514649634806558,0.0511969436807279,-0.0142738016003189,0.0339613471028212,-0.0220368059134831,-0.0222160451481269
"Raw237",-0.0166523687077628,-0.00304856036084248,0.00222408809282358,0.0470064394045929,-0.0264590942506937,0.0723270202110852,-0.0623042492198384
"Raw238",-0.0837103967273895,-0.0283043429141825,0.00447755075114227,-0.0675170882284732,0.0706292551631137,-0.0550677572986177,0.0342808939305163
"Raw239",0.036859893690437,0.0320981391660576,-0.0217968490215221,0.038187463376194,-0.0269300470260433,0.0270414168158221,-0.0485787386572189
"Raw240",-0.0288726710505679,-0.0328387485910554,0.0188053263178124,0.00138782138981017,-0.0196757800269311,0.10302474371815,-0.0994543714321429
"Raw241",0.00395842165464421,-0.00725188680868318,0.0125848044642953,0.00852017959823281,-0.00218768154058329,0.0767006370315983,-0.0598574008896424
"Raw242",-0.00575258927461452,-0.0199570492122187,0.00652159540121535,0.0351610274208918,-0.0429578808980609,-0.0749650115832351,0.0171164612712966
"Raw243",0.00928321147696696,-0.122887961617639,0.125328233849976,0.0273415973853555,-0.0385379830609478,0.0316002466727027,-0.0472555227886336
"Raw244",-0.100952792516223,-0.00527312064156899,-0.0389456446836251,0.0343146529109546,-0.0580653323733592,-0.0262023940255352,-0.0282524618176129
"Raw245",0.0254910046622665,0.0210457291019495,-0.0109110370870542,-0.000124176790552436,-0.0048885577115372,-0.00443734603504249,0.0298860576561569
"Raw246",0.0120420759107563,0.0717566921818275,-0.0637660501669566,-0.0243299840372551,0.0433130805346952,-0.0536746197310377,0.0639333024137362
"Raw247",-0.0718857486692169,0.0403888047414771,-0.0572333988248932,-0.0661699894757215,0.0628005933004544,-0.0644345366390112,0.0801613303732233
"Raw248",0.0171367518190853,0.0807963150383289,-0.0807506960937153,0.113939385618716,-0.116193285080515,0.0263922914999033,-0.0297181793240397
"Raw249",-0.0347449140948678,0.00460670032491847,-0.00973086380178738,0.0467548356594235,-0.00852912487272431,0.0336526145261003,-0.0449282797209434
"Raw250",-0.0627773160754119,-0.0055763047065981,-0.0165012460308731,0.04796498788043,-0.0688692103292735,-0.0259031356242083,0.0257713005300209
"Raw251",-0.00815943748977141,-0.0115840410877726,0.0126729676672928,-0.0140338647583938,0.0121910610097616,0.0180709025501804,0.00899129412319082
"Raw252",-0.11949189995867,-0.0951641805002689,0.0578866999058764,0.0516929349134875,-0.0587394318570377,0.0163620841224272,-0.0155545618993876
"Raw253",0.0585614416150417,0.0154920517969373,0.00268695524638767,0.0118538611655805,-0.0382592299912491,0.0131757615718725,0.0277227995206895
"Raw254",0.00120068461961977,-0.0303879557008603,0.0227130887207057,-0.0428087135589182,0.0104291643848701,-0.0129779534009011,0.0138994057382965
"Raw255",-0.0205081422709655,-0.037397488688067,0.0359571465528224,-0.0167913214779615,0.0214749190142155,0.0165612494217077,-0.012761682625039
"Raw256",0.055228090323399,0.0653642815634064,-0.0528180179265594,-0.0195130849381431,-0.000972749664963823,-0.0174980700597535,0.0305567513980885
"Raw257",0.0407745986106234,-0.0362788382996695,0.0428632869586376,-0.00365042826736588,-0.0154792943268716,-0.0204162345994942,0.00868086199796776
"Raw258",0.0575063225276506,-0.049259683005582,0.0611483786520555,0.050274451152421,-0.0567762795595737,0.0414253996739783,-0.0546508172842742
"Raw259",-0.0486418659570164,-0.00771758160278684,-0.00237733517575682,0.0266362268667401,-0.0333517176127314,-0.0598118730275576,0.0841401435493528
"Raw260",-0.02517985260178,0.0389579541943721,-0.0435171230347343,0.0615904112950464,-0.0631449992525318,-0.0164108644485043,0.044506672317071
"Raw261",0.00647728341157775,-0.097608335126383,0.0991087540037717,0.0423555251896595,-0.0294996221692428,-0.0308523568571033,0.0273160583084156
"Raw262",0.0229649143228224,0.0402638045294709,-0.0360387128795003,-0.0369545878905345,0.0402289515110989,0.0279749429159534,-0.0614881890847795
"Raw263",0.0127107272970589,-0.0586969592090957,0.0637776016570499,0.11226183019096,-0.120788332103262,-0.0420089114740472,0.0758520069566883
"Raw264",0.019436893735215,-0.0116614779756942,0.0175223547531889,0.0604753062663059,-0.0574918638006235,-0.000112861737072053,0.012455056727693
"Raw265",0.0673559798318323,0.015646883922338,0.00737805326505557,-0.0439562864293196,0.0431779403185703,0.0393931826951183,0.00854372769129567
"Raw266",0.0180070463643713,-0.035924954726029,0.0376151276871326,-0.0244421282126319,0.00683367331878378,-0.0652031724203125,0.0512005518280102
"Raw267",0.0084183105855584,0.00516189202437767,0.00309447265511974,-0.00404555564802444,0.0029203188509731,-0.0540344932708642,0.0833993771391291
"Raw268",0.0721550229450869,0.0108702824456135,0.019397289135727,-0.0485651986863892,0.0819039469166667,0.0273095821898762,-0.0167128801992184
"Raw269",-0.01703769466459,-0.0159003934630794,0.0173832111499428,-0.00638160838244164,0.0237171450129843,0.00378627248295741,0.0158029429944141
"Raw270",0.0670155521369817,0.00463940480720566,0.0157184145616297,0.0452304510550769,-0.0316546089839308,-0.00910091876165763,0.0188981018424848
"Raw271",0.0351822498458128,0.0106573376523339,-0.0047300046674127,-0.0588546378027859,0.0274403611054831,-0.0179393170224372,0.0254627035143974
"Raw272",0.023324953166024,0.0648149477971039,-0.0571056388181639,-0.0785291717472845,0.0918398974773737,-0.0676915051825746,0.0568587386396237
"Raw273",0.0380315590828874,-0.00203609330647796,0.013395793954953,0.0220729756178144,-0.0347616406774612,-0.0134379329679448,0.0222106305230386
"Raw274",-0.00928471429912364,-0.0522026446498175,0.0450747813412719,0.0479862182749726,-0.0426742210092167,-0.013741613237403,0.0079567852823
"Raw275",0.0104195426601016,-0.0889246768934561,0.0921888896669884,0.0115403553818123,-0.0244173192426203,-0.00981662183220517,0.00691688629427084
"Raw276",-0.0168737785261168,-0.0562586493269105,0.0523215216604839,-0.0271020387739165,0.0402730071144125,0.0237910820143672,-0.032387623274495
"Raw277",0.010135572717486,0.0409107365326555,-0.0419417897795143,-0.0298492080094469,0.00956816722415888,0.03271434553933,-0.0355502013053667
"Raw278",0.0185145769388907,-0.0181726684225594,0.0279584940062726,-0.0427943175177079,0.0489739900548008,-0.0487722588575032,0.064001302851027
"Raw279",0.0252997013751101,0.0682385481338398,-0.0651190342972136,0.0057943225825342,-0.00804967248034688,-0.0520440641949761,0.0431351734625744
"Raw280",-0.0326116779330034,-0.0205192975292236,0.0109920088382586,-0.0504292929711878,0.0498301307355048,0.00584171329156592,-0.00573170159952474
"Raw281",0.0413333671169917,-0.035262385172235,0.0570888093012997,0.0244900815563005,-0.00264003368331344,-0.0137463223146259,0.043252548897679
"Raw282",0.0135027059043072,0.0057048417823838,0.00350677405705396,0.00251240907315421,-0.00285911010345187,0.00990877649629303,0.0159250014201701
"Raw283",-0.0622790364736999,0.0871680645431963,-0.108029145894226,-0.0697415889253901,0.0457089927771807,-0.0517312224406199,0.0577883548031934
"Raw284",0.0348593225452534,0.0264782135271257,-0.0120016216532325,-0.0167051651004453,0.0476902815240455,-0.0877365645358376,0.102744538706369
"Raw285",-0.0565315392304968,0.0034302599888582,-0.0311375956943215,-0.039648450206092,0.00365850706388779,-0.00820043594769636,-0.0198524065563604
"Raw286",0.0220303636514365,-0.000317070827227661,0.00218779429394351,0.0184883949284068,-0.00398145582968967,0.0617688651181146,-0.0884659212968588
"Raw287",-0.000935225614512578,-0.0123316509042187,0.0035396378240522,0.0644156607359287,-0.0788494462715258,0.0599946740360418,-0.0681237389168711
"Raw288",-0.0555866009027346,-0.0486785226878791,0.0250503461833177,0.0147267393997097,-0.0299479699960659,-0.00945204112779689,-0.0313509648233341
"Raw289",0.0494651816207724,0.021983857624083,0.00282326981331022,0.0812304793181762,-0.0427949330387763,0.0387713074944532,-0.00695639062977198
"Raw290",-0.0119313384768945,-0.0146307931360156,0.0148662130966869,-0.0458523997935488,0.0346590055579083,-0.0839302107351961,0.102819795765996
"Raw291",0.0622322110069319,-0.0235072019160494,0.0439264757082545,0.0616733403420795,-0.0371757303081362,-0.0207536991774819,0.0261901909420666
"Raw292",0.012137521465856,-0.0192324867352889,0.0174178749552458,0.0600070954981798,-0.0788454967683712,0.0282925272991254,-0.0286040101009605
"Raw293",-0.0175541514638518,-0.0339136464446518,0.0228582511151322,-0.0286205990234458,0.0176390792167497,0.0019268614857148,-0.0445098540184736
"Raw294",0.0207339020356935,0.0245289990541836,-0.0124424799333038,0.0122943953378036,0.0123367314054263,0.0331558241494381,-0.0336197281154707
"Raw295",0.0372244261459066,-0.110915068840737,0.12169343558689,-0.0764735701760963,0.0482814757238783,-0.036605665925599,0.0521609744093264
"Raw296",-0.0211782539460815,0.0563492525157736,-0.0688684536708761,-0.0741087123939134,0.0743158400516604,-0.0412332370357192,-0.0306293097542977
"Raw297",0.039062162634109,0.0155877555663544,-0.0079053678484944,0.0639006491507115,-0.0621596130639225,0.0362809561183555,-0.0410849561259228
"Raw298",0.00169236108537952,-0.00102263452779523,0.00626321070843627,0.109142288724754,-0.0691425631420678,0.0718244581635555,-0.0649546610893745
"Raw299",0.0233453534210435,0.0171927200083666,-0.0123684898157888,0.0249121404746856,-0.0250714936600772,-0.00985087039750837,-0.00548331658126926
"Raw300",0.0219563376165423,0.121878961204918,-0.115426458675575,-0.000820820816128319,-0.00498984081812545,0.000786201216066532,0.0129919663774927
"Raw301",-0.0523865552062088,-0.0377010702129904,0.0203062919225014,0.0446727090072628,-0.0378446112636313,-0.0971715816305688,0.0601191810852348
"Raw302",-0.0254714108546051,0.00380635081401175,-0.00644479111351834,-0.0140997557551059,0.03046437785868,-0.080120174767467,0.094085544442951
"Raw303",-0.0544062470705382,0.0279551674709025,-0.0345798098663966,0.0532347444047861,-0.0296257475902261,-0.045098103264501,0.0565092699467415
"Raw304",0.0268052486000023,-0.0323938405683691,0.0448528231888657,-0.0250250201730543,0.0295300901069235,-0.0459367521894173,0.0461860760026752
"Raw305",0.0764370579684609,0.0575818970144673,-0.0314782696066364,0.00767905312979883,0.005302797674113,0.0295159056009519,0.00368607843699045
"Raw306",-0.0134576743318572,-0.0170162290626287,0.0117652795180505,0.0228278685280324,-0.0345275472662864,0.0420287058817734,-0.0397623643979148
"Raw307",-0.0492023190376535,0.0107231332301281,-0.0288678542752646,0.112399900183515,-0.100160397220232,0.0348815482467372,-0.039420285806913
"Raw308",-0.0635959417073183,0.0695157748838638,-0.0938257252788932,0.00819961268338573,-0.032799824542057,-0.0412298458489321,0.0245302792269238
"Raw309",-0.0166180729891339,-0.00452015555655168,0.00191921828592388,0.144938186653453,-0.127556854910116,0.0788229977868568,-0.0713315167816048
"Raw310",0.143298013731009,-0.0578589182763009,0.103138179007675,0.0187235883963081,-0.0109350065125431,0.105808425583186,-0.0749306221565667
"Raw311",0.0285929447262531,-0.0191303987274108,0.0208984035961654,0.00452909620304744,-0.00770239346553142,-0.0137106303580807,-0.0321485815135755
"Raw312",0.0935469583079239,0.0594257412587389,-0.0265943570654448,0.00185289398797711,0.0260181377750967,-0.0682614651756053,0.08918370097252
"Raw313",0.00798525507693377,-0.0365596411909933,0.0420620419178322,-0.0388389356517059,0.0527576160768285,-0.025944013851995,0.01205327130723
"Raw314",0.00524543827505142,0.131630553174826,-0.137391832953963,-0.00806034660146789,-0.0318787527938229,0.0410115433061271,-0.0357556923633706
"Raw315",0.0402635549436443,0.025030043403976,-0.0129772811197119,0.0627671191451023,-0.0607972595950691,0.0360482941448488,-0.0480183770468896
"Raw316",0.0440510660666615,0.0650353137920065,-0.0506887788537347,0.0747090184135639,-0.0422768398294416,0.0174997063870078,-0.0177339873944699
"Raw317",0.0427691830200333,-0.0531171596708822,0.06983558885871,0.0064297952914647,-0.0113981679643876,0.0237955663408364,0.0214247538716936
"Raw318",0.0471238323521283,-0.0808474033208454,0.0960125791057941,0.060004664409445,-0.0434184752487357,-0.0253352359403572,-0.000761769616715247
"Raw319",-0.0642986689119997,-0.0344856859997696,0.0104562720813155,-0.070546727974163,0.0488770701605762,0.0227746888646113,-0.0357492836869372
"Raw320",0.0341509889428529,-0.00713141364164552,0.0205318229693061,-0.0145971276696458,0.0307721032874586,-0.00342010742093252,0.000843147676081698
"Raw321",0.0215388841370113,-0.0718434506485059,0.0805718367694296,0.0150999338961636,-0.00940883883156825,-0.0103717599952165,0.0265481052444248
"Raw322",0.0459486090985138,-0.0560703272823059,0.0654682955333956,-0.015767223221597,0.00181698267824493,-0.0248269873049147,0.0212849837820838
"Raw323",-0.0787646768358782,-0.0282492903439046,-0.000528939122783294,-0.0172711630610759,-0.0106257970144734,-0.0788834740468292,0.0758008533690262
"Raw324",0.0342881003831193,0.0122650805991805,-0.0042540585077771,0.0140974069073521,-0.0166012000348525,0.0695603697395655,-0.0689226673788648
"Raw325",0.00840581259312003,0.0196787838745299,-0.0215915068944509,0.00614968153406252,-0.0153501307922599,-0.0452676447584056,0.0505880930489234
"Raw326",-0.108241813139432,-0.0152382499519751,-0.0201776163301605,-0.0424777592540326,-0.000922917758159451,-0.0494843611834361,0.0414641748896946
"Raw327",-0.000829211090342049,0.0304157996436424,-0.0356548872166325,0.0375624038499645,-0.064116134734072,0.0515477795876379,-0.0604542386369271
"Raw328",-0.0264458565136858,-0.0237527492700689,0.0136696561053935,-0.0085258200043485,-0.013172938002278,0.0219708867507597,-0.00503539363010584
"Raw329",0.0251135626090982,0.0294715909493852,-0.0206966130194612,0.0123591733021376,-0.022450976386688,0.0297279878144372,0.00289223975891436
"Raw330",0.0171568134310393,0.0530806462115806,-0.0470201778217717,0.00313921867627484,0.0160039733241458,-0.0794876184631989,0.0648572866801475
"Raw331",0.0421631468019014,0.00597752081375767,-0.00350000108936433,0.0882207659257329,-0.10979762902944,-0.0143862191772899,-0.00280790628697947
"Raw332",-0.0462313595902945,-0.0444698437004345,0.0286835741282276,-0.0626298920921149,0.0478729449030211,0.0309166833733535,-0.0322297821024831
"Raw333",0.0412178637305111,-0.0431378349702974,0.0612761727989946,-0.0464300963797273,0.0519552586562953,-0.0452183842313463,0.0698979263909726
"Raw334",0.0667408967498124,0.0684484321686347,-0.0478211019942821,0.00967874183934982,0.00424231330968077,-0.0114405456078748,0.0231623240840555
"Raw335",-0.0330199973878507,-0.00896723624173403,0.00334917272550963,-0.00515253975565251,0.0101794590298729,-0.0733969859219619,0.0871039582583383
"Raw336",-0.0460804121693036,-0.00401196265508647,-0.00728506264650698,-0.0219190871439166,0.0643878958200838,-0.0974784565434212,0.0546154523765771
"Raw337",-0.0738546512848677,-0.0589075046932746,0.0352517691953942,0.0484080980110079,-0.0378842959627821,-0.0839643397958247,0.0652306034662073
"Raw338",-0.032730574137896,-0.0915762794046016,0.0869224681465258,0.0240746678346903,-0.00302532988911854,-0.021353542884871,0.0106020272181522
"Raw339",-0.0662655653882267,-0.0566543206089893,0.0445414392568785,0.0144237108912251,0.00498261355615896,-0.0136089276125121,0.0168593121823278
"Raw340",-0.0521576195745593,-0.00101716071711775,-0.0117919759427754,-0.0362979220081568,0.0155686188149034,0.0541524468084478,-0.0400695064475591
"Raw341",-0.0500162187096299,0.0513397375351982,-0.0735216922400247,0.0288477056909447,-0.0752382820428383,-0.0676973842006628,0.0890206547601377
"Raw342",-0.022194636409728,-0.0134857191531849,0.0101885995892818,-0.0314924463920735,0.0251340332694725,0.0613271415382195,-0.0314025753939033
"Raw343",0.0153961504423846,0.0226494990473644,-0.0173865689566729,0.0121741249178295,-0.00623052208470434,0.0380187949045014,-0.036275553891567
"Raw344",0.0251181285799518,-0.0104129481271448,0.0234651388709654,0.0147205927681575,-0.000801629622567569,-0.0342533653415463,0.0275962025038632
"Raw345",0.00903444962230656,0.0051930169532969,-0.00802203793113719,0.0414395624527136,-0.029841410610463,0.0275619306876595,-0.0639536240945746
"Raw346",0.00710094820572882,0.00416842632203883,-0.002163831414122,0.0450643995107218,-0.0247846886620483,0.00273626615109805,-0.0108046599383191
"Raw347",0.0253978596150812,-0.0253551543644179,0.0368326945707003,-0.0262042785821848,0.0271910430996296,-0.0724089715203326,0.0897874626173308
"Raw348",-0.0265258230966315,-0.00848763706992415,-0.00563698834519701,0.0545653052141864,-0.0894894340925537,-0.00138013303062811,0.00090454760151045
"Raw349",-0.0924298158967165,-0.0166547623371919,-0.00391125240629461,0.0137528103737557,-0.0227470809532438,-0.0133591260180777,0.0473187761250625
"Raw350",0.045315055074364,0.040188077685131,-0.027104964507229,0.0339938235370661,-0.025967902257121,-0.0548551130609748,0.0569211874335784
"Raw351",0.0720764787701144,0.00677797972547863,0.0165906902754387,-0.00722689394016157,0.0123983507861398,0.0292254797556168,-0.0175851053359114
"Raw352",0.00117810516564769,0.0399806100109826,-0.0335560687785539,0.0221836801211452,0.0107452110626553,0.0201702483485117,-0.00609926282817788
"Raw353",-0.00672043857601678,0.0775301039712062,-0.0781539727622197,0.0657253491302116,-0.0591082883234756,0.0152450131533276,0.00276666856327639
"Raw354",0.00186753788248633,-0.0432060559938241,0.048538602347224,-0.0649370760535229,0.0645868242506307,0.0678450590907614,-0.0528498705643081
"Raw355",0.0033401265483809,-0.0406266250986182,0.0471974166986333,-0.0357037588570382,0.039701742948889,-0.048594177010152,0.0809080586416567
"Raw356",-0.0359246937728371,0.0171250550605941,-0.0355556067999378,-0.00167167324676532,-0.014682141414407,-0.0401202767515143,0.0104040414375634
"Raw357",-0.0163458517181016,-0.0239104355075964,0.0208758140446106,0.000878169378467819,-0.0102593146870288,0.0070607176787158,0.001364578220042
"Raw358",-0.0238352406320162,-0.0568344713403752,0.0493646184784467,0.0599909142007115,-0.0717881368336937,0.0170296373547988,-0.00186966439557485
"Raw359",-0.0267763835688945,-0.00498496304725304,-0.00505933902743555,-0.0112711180355777,0.0157168866785855,-0.0226123951093037,0.00566137458075208
"Raw360",-0.0192399416819629,-0.0355125536593686,0.0286830376642187,0.0194913679063821,-0.023882458167329,0.0189022552320414,-0.0396221515382132
"Raw361",0.0668237229474807,0.00163277387739652,0.0188908902252441,0.102464972059036,-0.0930293395187315,0.0377598677974164,-0.0188999671404644
"Raw362",-0.0933973633236025,-0.0863641045778267,0.0498911757521692,0.0318205954512003,-0.0482600443405263,-0.165408739791328,0.133323978933747
"Raw363",0.0433882117610951,-0.0373055087887605,0.04483498035808,-0.0264954431365289,0.0145479644831088,0.0254152691189398,-0.0287416290541166
"Raw364",-0.0361262816907268,-0.0317460377841657,0.0225472265340211,0.00615609915064419,-0.0283535983337903,0.0481985771425992,-0.0552653948612466
"Raw365",-0.038781718741205,0.0765428740151145,-0.0885527509723148,-0.0731900213346759,0.0628706189052647,-0.0203945215324672,0.0439418613625285
"Raw366",-0.0270502585816384,0.0194886758942765,-0.0294953041561498,0.0484950869341117,-0.0664871552599962,0.0242071750433917,-0.0148156205711815
"Raw367",-0.0259557393060694,-0.0827219768084252,0.0863834987439324,-0.00053595960671879,0.0461226208989232,-0.00022388294136314,0.00734931947335717
"Raw368",-0.0141544761804032,-0.004867891575285,-0.00552381632734387,0.0121663639441544,-0.0396653565867004,0.0321601325860955,-0.0593775974818719
"Raw369",-0.0134412662726487,0.0176502122373718,-0.0239778234744592,-0.0675114584955359,0.0600832211988518,-0.0607313707502536,0.0573360928871043
"Raw370",0.00118738521945446,0.0360877617311934,-0.0350397388900237,0.104590455065601,-0.0763768643624079,0.0357563320346644,-0.0448499570064468
"Raw371",0.00406532794414481,-0.0570588210247241,0.0574755590460997,-0.0561349852361482,0.0456859746644378,-0.0259051891058334,0.0246661639208346
"Raw372",0.0237311526045952,0.00390077491345399,0.00481012919414895,-0.00270167450136116,-0.0123178826253416,0.0705320719833162,-0.0405395078892234
"Raw373",-0.049030075356751,-0.00529148522959791,-0.0183129090583068,-0.0181528218829891,0.000474053842014852,0.0235683785828659,-0.0148223223342175
"Raw374",0.0508994971161879,0.0529961583478224,-0.0434943808444374,0.0467051117753908,-0.0563929934876886,-0.0119235314185692,0.011501125424051
"Raw375",0.00742991008896914,-0.0169375168718044,0.0181422891414456,-0.0867139917149574,0.0538881400112277,0.0881833446789877,-0.075857434823585
"Raw376",0.000983830581923044,0.0620344845167478,-0.0728656755867639,0.071073722491437,-0.10780734501017,-0.0444841111332665,0.0303425145680138
"Raw377",-0.0617894838933628,-0.0135234679723233,-0.00931890534451003,0.0646073543081989,-0.0705800459259655,-0.000589080230075421,-0.00695478992818667
"Raw378",0.00242787173678705,-0.0865102579404244,0.0915327467566531,-0.036637790796486,0.0549296360627319,-0.0114303997578111,-0.00221345535245261
"Raw379",-0.0105086333003608,0.0288668965486292,-0.0333386776752641,-0.0519278520817392,0.0373981414153343,-0.0146402705830808,0.0095857358242128
"Raw380",-0.00388437784667916,0.0451615619953387,-0.0501987694278362,-0.0440835916459505,0.0313507209752576,0.014402468888759,-0.0422097224749971
"Raw381",0.0562064785860575,-0.0128368105756561,0.0350765104853828,-0.0551608925253476,0.0758153661784517,-0.034061027977968,0.0681036569453303
"Raw382",-0.0642414240865423,-0.0271529257530816,0.00757073153601086,0.043897051679761,-0.0297623992214969,0.00146450072837096,-0.0293729695740775
"Raw383",-0.0610095565788403,-0.0122563511633963,-0.0161240335552625,0.017837762403417,-0.0429893547322553,-0.0903526313726853,0.0386413552867426
"Raw384",-0.0171819877237286,0.00588689733532657,-0.0104588315536538,0.0645510985503371,-0.0943767578021326,-0.00567448110396138,0.0484132391895501
"Raw385",-0.0213575064973244,-0.067724550077632,0.0531745284769702,-0.00265841596732675,-0.0414170244091164,-0.0260365436521178,0.0339469087414581
"Raw386",0.0399412192272221,0.00138716037330813,0.0126249632149275,0.0128178485578088,0.0171590318285215,-0.0245985906251817,0.0205863462196245
"Raw387",0.00828900148056177,-0.0492459218851608,0.0491674141961522,-0.0435210236093933,0.0231479732032979,-0.0443754541699956,0.0603604105624448
"Raw388",-0.0472959351544744,-0.044321992998539,0.0294913406019893,0.0467528409543812,-0.0565961413766925,-0.0341381364494774,0.0179763692622259
"Raw389",0.0266809664838506,-0.0793369062316257,0.0843428726128983,0.0204659014010024,-0.0264681561745655,0.0736116457946588,-0.0738629977869787
"Raw390",-0.00554441123785411,-0.066547348798142,0.071217416267028,0.0226390409184115,-0.0105391852704069,0.0629934361080664,-0.0491805848537209
"Raw391",0.0787892961200432,0.0367390893614807,-0.0161477235065752,0.014224532831193,-0.020319994974614,-0.0412923339300217,0.0480534210342229
"Raw392",-0.0380930917268937,-0.000536013702131793,-0.0147364479088235,0.0785407964867984,-0.0737130082893497,-0.0312630514818718,-0.0122036374186241
"Raw393",0.0607214764047578,-0.0363862944586582,0.0480955177623135,-0.0288832747875232,0.023678927765742,-0.0428729667282798,0.0132233076870842
"Raw394",-0.0560962614564575,-0.0488625344348176,0.0286642580909179,-0.0222072655272213,0.00543572703091293,0.00385609439965995,-0.00962518624624442
"Raw395",0.0305081762736035,0.0415483497248568,-0.0279609982556838,-0.0121419280914118,0.0175604489633008,0.0205914751254783,0.00904133717988349
"Raw396",-0.0825902423620625,-0.103354377083194,0.0821025864658336,0.0710125840042221,-0.0878341418063553,0.0358131950548226,-0.00273673900827217
"Raw397",0.0526783205659197,0.0176608924228354,-0.00487959151169386,0.0656923365935961,-0.0543679223515467,-0.0117729839732655,0.00714138825332497
"Raw398",0.0484725110178114,-0.091154277062609,0.104565818839149,-0.0588926021623382,0.0326251564268366,-0.0260178687119561,0.049619514099936
"Raw399",0.08355468589903,0.0344874285859489,-0.00510279997475331,-0.0436060420322446,0.0269769580376941,0.0957151150402778,-0.0677585767981271
"Raw400",-0.080017260054218,-0.0614004736736572,0.0373105220067129,-0.0258122962579913,0.0012037624629291,-0.093056762579248,0.0982734149505323
"Raw401",-0.0156414718525452,0.0167413386740889,-0.0189719884771655,0.0032917069412355,-0.00298666138091972,0.0817600479647984,-0.0593745823257754
"Raw402",-0.012272813514337,0.0548508862681313,-0.0575183006803612,0.0167334275333471,-0.011109641205764,0.0511119058662159,-0.0523025441513656
"Raw403",0.0410732044379877,0.0574084222465889,-0.0440923635925162,-0.0234176971170995,0.0287233015698385,-0.0671674424625201,0.0765815702846455
"Raw404",0.052023476884472,-0.00791828678785685,0.0311495153937624,-0.0474268623580848,0.0810933680020938,0.0467534910071005,-0.0500189928254116
"Raw405",-0.0371378000031638,0.0237249595924945,-0.0285717102328864,-0.0194708423716809,0.0153968371667867,0.0795641867448005,-0.044665371275248
"Raw406",-0.0536364110019513,-0.100888464595434,0.0814829067830075,0.00365907592209774,-0.0117210744502622,0.0640474931895138,-0.0979738796548513
"Raw407",-0.0385799303220053,0.00599090137972265,-0.0176825337263347,-0.0445792330500565,0.0535443849944268,0.0447985003926624,-0.0518107523641598
"Raw408",-0.0184540895610881,0.0513568534735668,-0.0550266853172805,0.0166217907280981,-0.0153508929087895,0.0357498222081422,-0.0150687437799419
"Raw409",0.0209942106134408,0.0307510092125232,-0.0290119276071519,-0.0153195997026473,0.0035867545718312,0.0372727103758118,-0.0382901540828689
"Raw410",-0.00642911292774486,-0.0567480012909405,0.0449924860513344,0.0138920188999093,-0.0395526747270588,0.0115686313453105,-0.0272673572067771
"Raw411",0.091810495106495,0.0192379405912147,0.00620014151247402,0.0394670378751732,-0.048050925306694,0.0321217566831166,0.00448125862390194
"Raw412",0.0267021517942294,0.0255989776039199,-0.0279403646763141,0.0242020788731166,-0.0596753977741584,0.07854219703989,-0.0965237670673383
"Raw413",0.00536860740964631,-0.036984181617474,0.0368501616020866,0.0513276160009357,-0.0640053496517339,0.0133549666166862,-0.00404157707604494
"Raw414",-0.131595851356231,-0.0762090439172289,0.0402218161173846,-0.0197118173440491,0.00252174295826999,0.0627530768444547,-0.0681778511694879
"Raw415",-0.0554982182704478,-0.0850905174534061,0.064621047299451,0.060703285539427,-0.0659744661112918,-0.0193234712508688,-0.00645428339953079
"Raw416",-0.0363007345651973,-0.0317817426546321,0.0172528014983202,-0.0305984131055068,0.0212856515519346,-0.0500894021903845,0.0342873881983144
"Raw417",-0.000546601916892516,0.0420389823908785,-0.0525385152614304,0.015775691834306,-0.043482825284652,-0.0627748408250775,0.030799400539027
"Raw418",-0.0269536465370366,0.00483443538858496,-0.0122744480990918,0.05070718098449,-0.0701042817870888,0.0312333018135252,0.00146592178992047
"Raw419",-0.0617628227381028,-0.114016516670775,0.0865609916380787,0.00667243014568337,-0.0220737774367682,-0.0573459828782973,-0.0022534945521691
"Raw420",0.0371952743233608,-0.021880025627313,0.0337574463536639,0.0536918966570091,-0.0358727252270558,0.0846414092933899,-0.0838432300660854
"Raw421",0.064977964619226,0.0202996547926869,-0.00380881665427628,-0.0492465300017985,0.025787243132056,-0.0703091700001132,0.0657169214583573
"Raw422",0.0320810113410369,0.0103970848115551,0.00886736720244288,-0.0106266617941569,0.0466233545815462,0.0532236631340601,-0.0390936196381145
"Raw423",-0.0364872175877327,-0.0366131438901174,0.0255140137137569,-0.0425600732556144,0.0274042054230574,0.0270330690385008,-0.0151529247705545
"Raw424",0.0309804337307533,0.0729015750002808,-0.0669863600590574,-0.0457335355312945,0.0140334265997768,0.0119237206227706,0.00657820396905228
"Raw425",0.0160883042643248,-0.0608788170274435,0.061546414932187,-0.0358725659784105,0.00605544901831431,0.0439463412032527,-0.0514274483601983
"Raw426",0.00211335464773613,-0.0286212366461815,0.0299473544828537,0.0364879650949718,-0.0296502218095662,0.0194483788385185,-0.00131783211919848
"Raw427",-0.0194537849401886,0.0508475897963302,-0.0607899969479992,0.0501671670470169,-0.043195351927578,-0.0282711501836413,-0.00339542200504727
"Raw428",-0.0273434924951795,0.0517145890828308,-0.0544702342787534,-0.0434954096602114,0.053160232710026,0.0379217492102799,-0.0242712197353922
"Raw429",-0.0263450006963478,-0.044481065135972,0.0379695539712901,0.00600612428327361,-0.023661772387479,0.0380644497889206,-0.00766162658704574
"Raw430",-0.0375129540822402,0.0640697743854123,-0.0742734051556028,-0.0296985208349811,-0.00510141167792652,0.0669168402651358,-0.0328158942663997
"Raw431",0.0659877769490402,0.044893176765445,-0.0256440310033704,0.0177092787297639,0.0027729990858916,-0.0714191948014245,0.0597517470958603
"Raw432",-0.00122276476601554,0.0523642475354832,-0.0563840837794184,-0.00673181991206701,-0.00387654967934003,-0.0250846059126298,0.0292365113901931
"Raw433",-0.0207949506410777,-0.0474759757583747,0.0373996608708905,0.0128488532660226,-0.048726378053549,-0.00245459735281017,0.0162064824255969
"Raw434",-0.0128552117646067,0.0239056002748467,-0.0386787081631137,0.145389189994171,-0.178683805820613,0.0446957583517852,-0.0464244986352093
"Raw435",-0.0146911835627183,0.0231871724204883,-0.0216389968622909,-0.0632145116782659,0.0729417216925585,0.0297341634597871,-0.0401834188294941
"Raw436",-0.0176730484477935,0.05843520382754,-0.0664943367750266,-0.0316823840701416,0.0383552119574148,0.0452457062017722,-0.0643830631706335
"Raw437",-0.00130376574903161,0.0426854539452932,-0.0399125510554133,0.00738290129250231,-0.0162121423593907,0.0414173438162488,-0.0202950941917893
"Raw438",0.0261440745935347,0.00181424688046961,0.00379858308705701,-0.0251795707042652,0.00239503861603767,0.0173906008237665,-0.0395594179242086
"Raw439",0.0818656370150476,0.0455432838599883,-0.0249247160547253,-0.0524732478385187,0.0467812194246022,-0.0802622217296022,0.0670466801104618
"Raw440",-0.000810973437483622,0.0952608882298346,-0.0881858338577008,0.0547541078625291,-0.0261527176830699,0.0184657681374449,-0.00118179546178402
"Raw441",0.0443723125908902,-0.160598656911152,0.169268686374386,-0.0354509038930811,0.0346856348146709,-0.0175304176934718,-0.0100515978702262
"Raw442",-0.032049748116702,-0.0628909616697255,0.0510443419733903,0.0110335730957322,-0.0153741135170664,0.0530110947665257,-0.0574789072073192
"Raw443",0.031316350990045,0.05848689481813,-0.0517775309730902,0.00623322075097188,-0.0133175617654713,0.0133526105589737,-0.0262710918726624
"Raw444",0.0328760373135947,-0.021030334723311,0.0313234316294966,-0.0663917413354564,0.0744435001983047,-0.0306811512139087,0.0312879592200634
"Raw445",0.0438563160427805,-0.0356458342219097,0.0526806584733186,-0.077380725990003,0.0601590903501907,-0.0620965952048494,0.0878090635031923
"Raw446",0.00884766519749605,0.00342947176112276,0.00337217611202192,0.0358462503402982,0.00318413608715645,0.00124746246386829,-0.0189154828677452
"Raw447",0.0539257955116623,0.0378447096510596,-0.0180246979973198,0.0469903119757731,-0.0343018092194318,0.0372826274658172,-0.0207631733917925
"Raw448",-0.0172305801076762,0.0180842997112586,-0.0217621368540054,0.00475938507855625,0.00789595796113015,0.0325345661608132,-0.0354411211359152
"Raw449",0.044962718835527,0.0369867572057723,-0.0314406024177731,-0.0334324929666077,0.0181935589702867,0.059455536653476,-0.0731071957012214
"Raw450",-0.0395688664138612,-0.00151527304900812,-0.00871721819300838,-0.0421292951574798,0.0327552198931791,-0.00199014778732046,0.016528744447947
"Raw451",-0.0107448671530808,0.0296760640995666,-0.0383370766467726,-0.0313344345791398,0.000895960395849354,-0.0152372475014636,0.0167549142335361
"Raw452",0.0547761605467848,0.0611808132825092,-0.0442037272847884,0.0277529244215507,-0.000203554700681018,0.0214741422435808,-0.0256349015868706
"Raw453",-0.0606455771889482,0.0116849381675502,-0.0291965908367912,0.08877362957743,-0.0826073247451239,0.0321895569342776,-0.0288371333733508
"Raw454",0.0407887175639907,0.0757807992418817,-0.0632168855295953,-0.0473259778737454,0.0703602042639318,-0.0373346437242687,0.0218455999004206
"Raw455",-0.00401777534327779,-0.0417542938938488,0.0428401472575697,0.0347490772804776,-0.0200670137804662,0.0778130902367025,-0.0794435471837924
"Raw456",-0.0794635194182873,-0.00145480769419863,-0.0246648113863455,-0.0840391153615485,0.0664726862530095,0.0295308477432062,-0.0262649656964623
"Raw457",-0.0417258906339796,0.00743897185514439,-0.0339110682368751,0.02572432175397,-0.0755258758014913,7.60927067238125e-06,-0.0350347490302552
"Raw458",0.0138574332971825,0.0193467236243093,-0.00536992891327115,-0.00309963905960664,0.0440575682658173,0.029661442049144,-0.00981683964587014
"Raw459",0.0398324903384583,-0.0133209497402795,0.0308918000813652,-0.0213649258564877,0.063466364863665,0.0177174932811932,-0.0369573657329322
"Raw460",0.0176346589336116,-0.00844742055434974,0.0064969841593171,0.0764246526083472,-0.0468937702352503,-0.0193843512048094,-0.0198317714873841
"Raw461",-0.0126545939155258,-0.0239886944193019,0.0211793556277104,-0.00875786497195018,0.0301948382586335,-0.00303454119434119,-0.00657288924433451
"Raw462",0.0808273680995776,-0.0114167782758084,0.0347621835387237,-0.0063016353653645,0.00624096593821924,0.015188161013878,-0.0048125442682375
"Raw463",-0.017011653238259,0.0529620684153511,-0.0608233409611624,0.00808937879327491,-0.00564550278026162,-0.0918528744195345,0.0698699374511135
"Raw464",0.0151353279395226,-0.0513983670571047,0.0518175045607558,0.0257638956432239,-0.0436485021147452,-0.0899559778037922,0.0847980460424475
"Raw465",0.0334185011816307,-0.0204697565663972,0.0353738521182685,-0.0288357819430103,0.0416384938834734,0.0298245096967653,-0.0364349540003606
"Raw466",0.0599876636873022,-0.0365186462011737,0.0579408580067014,0.0442701388294706,-0.0510889249042744,0.0664719338242811,-0.0449585024765632
"Raw467",0.056401288559701,0.0745633495919276,-0.0556029217877529,-0.003186784873056,0.00830378175998395,0.012712265225682,0.00190640379951984
"Raw468",0.035418747970993,0.0200597874245365,-0.00386872271216827,-0.0165403166790308,0.00847776433560044,-0.00432101001312908,0.0518176519569121
"Raw469",0.00434225430313964,-0.0212283146202102,0.0270711295335906,0.0388370257260663,-0.0306956375567002,-0.00849836355872057,0.0357686144674665
"Raw470",0.0165547183716364,-0.0114653848852244,0.0153314303031912,-0.0685124259808181,0.0396615493380825,0.0147049260269453,0.00324338039451241
"Raw471",-0.0144702252640844,-0.00907454128714452,0.00828621312658704,0.0149502478922338,-0.018809343687656,0.0128848209086621,0.0111829702743591
"Raw472",-0.0594319838291443,0.00295848909675818,-0.0228722957590008,-0.0865305443509662,0.067645735177366,-0.0626601851741457,0.0444891932206761
"Raw473",0.0712866500632952,0.0214752589010736,-0.00508507434410285,-0.0939864952075394,0.0652749829926292,0.0205772692398975,-0.0184189122645608
"Raw474",-0.0637945184477716,-0.00666707650637771,-0.0168382682581667,-0.00486470691632761,-0.0237043142018257,0.00200585492857592,-0.00241658832302522
"Raw475",-0.0590173391769824,-0.0110008830521118,-0.0060975700818472,-0.134173339228816,0.109911754740529,0.0568147026425095,-0.0493631589425836
"Raw476",-0.0183020858614709,-0.0489309090325188,0.0502692182163579,-0.000711918528110629,0.0337135949199803,-0.00706220850807145,-0.00510814337550261
"Raw477",-0.116954600577046,-0.0308314562682974,-0.0129287363934209,-0.000239263253928437,-0.0269129256387493,-0.0292337464606712,-0.0133780725945829
"Raw478",-0.0121072769843541,0.0248118823550922,-0.0254862946812425,-0.015912148803221,0.00267881525996965,-0.031036898494368,0.0519161925252961
"Raw479",-0.0499512577628567,0.0181159000431933,-0.0312875313987444,0.0724311854287276,-0.0563655685852799,-0.121270201791785,0.108673853777242
"Raw480",-0.0567443402137241,0.0468839615817803,-0.0723030769923401,0.0172701978887171,-0.0377496548764896,-0.00489871235061329,-0.0319050516327537
"Raw481",-0.00750788583199524,-0.0875834768913506,0.078065494503444,0.0576353760091701,-0.0687243854249093,0.00432465844654896,-0.0308144618156429
"Raw482",-0.0157002804273117,0.00318700937932962,-0.00347146616647529,0.0312232531747917,-0.00548122025296989,0.0571839099345288,-0.0431843905805908
"Raw483",0.0247517393691341,0.0235785180471661,-0.0156981946544454,-0.036523223899617,0.0362806054482954,0.0669056401289652,-0.0728044618233519
"Raw484",0.0540018827977879,0.0882881174403298,-0.0706574189971425,-0.0014861122832964,0.020664830408031,0.0336509409265352,-0.0232820549449969
"Raw485",-0.0432829664114791,0.00916077016589686,-0.0285124912874644,0.0128846866720945,-0.0540564095190139,-0.0725467115963303,0.0717754153082863
"Raw486",0.0229500833861795,0.0967750425411944,-0.0926141773630341,-0.00561962860339854,0.00934990496207315,0.00863980904202875,-0.0162154793664078
"Raw487",0.0420591474886975,0.0665029219718896,-0.0574716235973768,-0.0257046088537116,0.0158575183217307,-0.0316631390337806,0.0334669464995357
"Raw488",0.0162878306655757,0.0255418002316704,-0.0243979762920615,-0.0203363720388091,0.000696832281881646,-0.0309516017216816,0.0346086181141758
"Raw489",-0.0229942382665113,-0.0479356744375167,0.0419813220572151,-0.0790225495150801,0.0706701048811668,0.0352676698495126,-0.0435153175377638
"Raw490",0.0506693881811523,-0.0288635657739999,0.0458851818638027,0.0391236996189788,-0.021026010889716,-0.0492853274930013,0.0366438188992934
"Raw491",-0.0389668573539613,0.0281960774796483,-0.0450622122945632,-0.0245224107100741,-0.00932515843528441,-0.061152402847163,0.053865249296111
"Raw492",-0.0449037144533898,-0.00611870507768047,-0.00620530502983035,-0.0626706160260539,0.0461761893367984,-0.00610774773079079,-0.00233436167761139
"Raw493",0.0128975243253246,0.0400184892744949,-0.0315763474749727,-0.0183393354457485,0.0278294893778996,0.0185239836415111,0.00598910124708831
"Raw494",-0.082974087164989,0.00335073607327648,-0.0274833241514198,0.0134495012966681,0.00681517704422287,0.0366658386746157,-0.0671325425762779
"Raw495",0.0147314574026915,-0.113139151428859,0.115087405724902,-0.0597322784658389,0.0363533537150346,0.0288808684240369,-0.0354714402402005
"Raw496",0.0670882562004661,-0.00490761032759144,0.028442223801276,-0.00770495359207367,0.0292852839542924,0.00364665717691567,0.0177295097101603
"Raw497",-0.0949670665569513,-0.1114216155813,0.0815985376166912,0.0322174929898933,-0.0460048097029754,0.0851127409576854,-0.0819991462251831
"Raw498",-0.000121220035885687,-0.101276348906053,0.0997772724257348,-0.0548735329172664,0.0336823116863869,0.111940915457145,-0.11787899647523
"Raw499",-0.00744808209663972,0.0470166616053499,-0.0405583491373487,0.0285248114558235,-0.00578084392001545,0.0106613039761992,0.0356554107934698
